MFCC_1,MFCC_2,MFCC_5,MFCC_9,MFCC_10,MFCC_11,MFCC_13,ZCR,Chroma_1,Chroma_2,Chroma_5,Chroma_6,Chroma_8,Chroma_10,Spectral_Centroid
-1.187832806362957,-0.5371324296716239,-0.130945034161356,1.5423250502662575,1.2329359612751958,1.2941723623858206,1.160648187487847,-1.243875373352895,2.365258580601339,1.1742219280430104,-1.3155593525303606,-1.418168766554708,-0.5574235201381375,0.3841251756004822,-0.1657254356208835
-1.2001280704076114,-0.351079466201619,-0.1226061344133668,1.6998459870521427,1.1923048802485166,1.2245438185202766,0.9714656572985914,-1.2488531753958838,1.5905940709696254,0.8286725708790359,-0.8829010098960903,-0.7550158367971315,0.2289146980813889,1.5599922356426446,-0.2471975695352165
-1.1992600674439045,-1.7030730398432046,-0.4250606461064125,1.73056319102806,1.2874563417608116,1.465163810847787,1.3356071112182923,-0.289406232600645,1.7649517493597282,0.9526000265010092,-0.7834150585515056,-0.8092615937234016,0.1429691642550508,1.5201305487155283,1.127719885289569
-0.8753112904072519,-2.4868368103846863,-0.7044481791299112,1.630985769595451,1.2963237115855677,1.7312770651433376,1.5040949829021524,1.309249054891032,2.0034771193143706,1.1208512630448084,-0.4407260133671749,-0.4387546088444651,0.3468851285992427,1.2562714995966346,2.056312991614808
-1.0928036107588934,-2.034969615177542,-0.7779732551726444,2.005452344084385,0.8486673479451836,1.8343638273676288,1.5120971638071985,0.0159965633308153,1.2999426518904549,0.5979549780681588,-0.0517512019761323,-0.0752806444800123,1.122403313899283,1.908460449300308,1.746456508166402
-0.9942949738880384,-1.2340157220362875,-0.5072864976773883,1.7513707002671508,1.089134572096103,1.8799610693584965,0.820181795384937,-0.0195312787014799,0.8307700696234933,0.4038397826990332,-0.5118214536996061,-0.4797224801289928,1.1306626347784683,1.4652329309088123,1.2236923581241772
-0.9449492324110212,-0.6169995179469018,-0.0879802963247343,1.7916622612191213,0.5925248403910228,1.8029874756847653,1.3897667165880667,-0.2303558358161969,1.5841528211611866,0.8980528512836087,-0.6336942793624036,-0.6866377851628152,-0.3330972134138715,1.0045648475957998,0.5691458390085828
-1.0045277506242534,-1.5986140571218233,-0.8117205698992103,2.134599796244102,1.1073658440686895,1.5130468711893157,1.5802215638321977,-0.1146951412879934,1.6482016573863802,1.2614789130336936,0.2920420922605133,0.2085638942235541,1.147783050476305,1.4092082517513642,1.0552771480499497
-0.9006625077319963,0.082282736517309,-2.910030482888061,1.299411446192306,0.6752942866769177,1.370369424480906,0.729314846853646,-0.9848344591943468,0.955463955769848,1.065355772639808,0.1882979575757621,-0.0142012359084183,0.5107217852159176,1.0023147790718556,-0.5155178840410412
-0.4564315511024182,0.6776756351124952,-1.292977475997735,1.3143704263032965,1.451143406507265,0.0657558292737331,0.6717620524905121,-0.1916070630502109,-0.1245581037347447,0.5822647500793725,-0.0369796917422345,-0.4644973036320797,0.6001026656132031,0.2712482582991893,-0.2599144614000075
-0.898660693954543,-0.2800337139244976,-1.6105901946548118,0.6765349756947001,0.9243321714399216,1.8239575370968144,0.4784755740345964,0.2518077346220964,1.0356318821587371,1.07712130296506,0.5984271958925895,0.4145095047372585,0.821581386516711,1.2467877648315244,0.4207854861043847
-0.731197208234904,-0.1972216773374337,-1.9718791360793535,0.6427458856404795,0.3730057091439658,1.3263543136743374,0.865404293355478,-0.1694509637608302,0.2040374389405699,0.1401203932264116,0.0682269245041019,-0.1935225927425251,0.9241838431955942,1.278256290746577,0.0759942876276797
-0.8299072647188299,-1.2736137942332115,-0.7937747968571262,1.3831376968806433,-0.757287323810176,0.953238941693264,0.9572503147977492,0.1113556338405748,0.0085430237100521,0.0526150909405555,0.2245710719981384,0.2773185990364956,1.5765861135155916,1.3367038477447857,1.77303469485529
-0.8912230270948038,-0.6469657179130671,-1.079794637327988,1.1304003863593126,0.172218607085426,1.6505373075777463,0.4202487861779097,0.5831731843463996,0.2846031759242103,0.1476067315426066,0.8663081513027137,0.5417356139715742,0.83299446818234,1.5020859113434386,1.3415746149272796
-0.9561024307397572,-0.2681481006691998,-0.8482029552437718,0.8986745380333533,-0.0193557938636695,1.4667495240245094,0.600385089389919,-0.326593341980613,-0.1968842386672296,-0.6653731754551113,-0.6620652310921527,0.0014650239504454,0.8905580057292696,0.1953028711219845,0.501399620230549
-1.2489888363818442,-1.33784203619833,-0.1814600764542778,1.5489135094534543,0.6210344173812854,1.4697355109472048,1.1278571163408977,-0.04383466514665,0.5204179345576481,0.147768137784469,1.4766649131987717,0.7023296694069229,-0.0406289976382486,0.3993962487762778,1.1541415264258026
-1.0457874026756822,-1.0887923955388512,-0.7980323990997005,1.2189504309729944,0.2682883741228313,0.919469256413715,0.7067143154955737,-0.408971085593951,-0.6764123141197491,-0.7217602533897622,1.133806850302352,1.070453345334722,-0.6128274401378104,-0.4054616239796689,1.262132399963621
-1.3535285047818042,-0.1823911157703477,-0.4617702396396811,1.1586645217156644,-0.9915709518124808,0.3342645172278989,0.9870897592660368,-0.9734147956839756,-1.1785293346540586,-1.0730097768777576,1.095008462440738,0.8813539990436849,0.0514754650746942,-0.3362796184512389,0.1730634250715015
-1.347961811500047,0.5175564538514575,-1.6155441985681271,1.2365813439238962,-0.5720171790853189,0.3157189892005212,0.9026323836450952,-1.04515370747996,-0.794491102349368,-0.9891042191053728,1.1126458327488002,0.7535978603767267,-0.0368761069103155,0.2958175876185269,0.0186260870001222
-1.3393771259830831,-0.1762580582769907,-0.0130525587339834,1.2012638493029126,0.0561746923599279,0.0610099112065543,1.3759178344941192,-0.8750300023637714,-0.0328385914356104,-0.2184990163290081,1.3861084120748823,0.8132768242088614,0.3243952818106038,0.1835878184039629,0.2322387789234164
-1.2167014375044976,0.873613763385947,-1.2078794777940889,1.2906744395339131,-0.8085044825578159,-0.301327071228858,1.172226365558592,-1.5646019912598284,-0.6991411803193145,-0.8495734465479239,0.6533841022317103,0.306708487943758,-0.4150582422895301,0.4667280290387352,-1.0802702502897064
-0.862160818497258,-0.4197071187181438,-1.1693375232880043,0.9964235071300492,-0.3202552409473379,-0.4458766320125928,1.0521309950854378,0.025073731762151,-1.0455233358297462,-0.6401845968593278,0.9355212233045324,0.6754598516323853,0.6297043381591999,-0.508698974067403,0.4709474676879453
-1.0673223787248916,0.0002294519035422,-0.5863110242409661,1.6630052239664637,0.9601831800463208,0.0466089069078622,2.142086788934601,-0.6479055836573006,0.3879430150947787,0.670588643172764,1.3853426236485364,0.609664072597086,-0.0864820037471859,-0.0150385008637741,-0.0160654902690075
-0.992859446399794,0.0654123254315074,-0.3391970959137226,1.4266678187070323,-0.4110891483945217,-0.0266950781741904,1.3894593209068855,-0.9295906169133622,-0.0245643971588244,0.203306869649491,0.8907640575379717,0.0642090815352623,-0.3712514262146545,0.071940583821893,-0.3585504212281699
-1.2033747234330667,-0.1703794191010894,0.3490798920706159,1.5066871291485675,1.5283444798135242,0.4065520406370589,1.89664613804428,0.0072122067843636,1.3130921325307885,1.1706110520645825,0.3547457500374977,0.0339013664315661,0.6017186771764781,0.6615449417536597,-0.0877436807435705
-1.127304561654484,-0.2399369367955718,0.3525755447536566,2.0171487396177388,1.47578777940139,0.4837655010069409,1.918331941513269,0.4313014200544903,0.929073192044238,1.2727353929038412,0.1417328337920877,0.0739068371789944,0.3889159712332619,0.876486791680942,0.2385013418398888
-1.1109544896614345,0.1725832272978037,-0.2981912020848984,1.0847540248005376,0.7722279368907832,-0.1178803060339129,1.298990239748638,0.5845396398091717,0.6986259937544752,0.7784366976657577,0.130966299231566,-0.268659330085592,-0.0977145003510152,1.0432650126632583,-0.0449070242122683
-1.0048137829846202,-0.2527884390613873,0.8554178819110666,1.3347950474173151,1.246342083368983,0.2253360008473656,1.194227612743838,0.1622072978483426,0.9679180439769932,1.3969449883491232,-0.0192324067710905,-0.4077675402668968,0.4046274004093884,1.0472528030269783,0.5205235014154234
-0.99945304951213,-0.1443747149717675,0.3362509772481438,1.1905365202531355,0.8380833468664743,0.1572129715671258,1.652084332584216,0.1084275149917512,0.4425849833988216,0.467692434486404,-0.3016620666764089,-0.6059819340027822,0.4736024332231606,1.9773855213283689,0.4180646899723729
-1.5608029072211458,0.2893634864995066,-0.0899972486431003,0.9383780981389884,0.4372797918496158,-0.3193709301227236,2.18859430292512,0.121701653773059,1.3692792202463295,1.382415001515369,0.0300265829621188,-0.3890323370532025,0.3663121681318322,0.9943315967615648,0.1070763497185729
0.3470143628910305,-0.4321128260560281,-0.5064368549824992,-0.0137308817402004,-0.1996030422415733,0.3591185995922402,1.0886034337695156,0.0658721877223029,-0.2557422453425148,-0.371818034834199,-0.7238802171250712,-0.974750316985118,-0.2466591027644998,1.358034395997338,0.3589516636752257
2.1391785961775067,-0.3554878827111613,-1.3171972321105252,-1.072652497607968,-0.3413065214885737,-1.208804754407074,0.1454539284462992,0.1138933368428885,-1.4280590237698685,-1.499362010024258,-1.727745929714969,-1.7976226320477988,-1.2087634320711518,1.3416838980566774,0.2292532921229644
-0.816014677103299,0.9002556390536756,-0.1716230966995751,0.1783754894413845,0.0396930272880751,-1.8355874944174968,2.3251389148838624,-0.8367692494059163,-0.7588664318307602,-0.3984008294157244,1.263710249598786,1.0360597840771002,-0.5454747644824569,-0.9814312761374004,-0.4039089380733325
-0.534518385482371,0.2690955777053805,0.0121591003212068,-0.2000009013260053,-0.1959709233360342,-1.0550203733700962,1.842112122379304,-0.4471342345901825,0.103638382438671,-0.1769084381871539,0.0265091011426047,-0.4422930010507608,-0.1956600833937792,0.3336065762882261,-0.180613483673598
-0.3787657167333946,0.0717277535771998,-0.2461804065669296,0.5824709113101312,0.9201749484782664,0.3059841481642615,1.508102791501028,-0.7616141989529784,0.4453284129853682,0.2587835221907197,-0.5547912837359367,-0.3619238439454642,-0.2432954085387172,0.0641079128520546,-0.1459735828614178
-1.062751639390556,0.5099554251812765,1.1454687287467602,1.3175289633938942,2.137316275337067,-0.0023053868629233,1.7938857247608175,-0.8060240014933479,0.884370723238042,1.1204989093656232,-0.2384636866151088,-0.5612132897339492,-0.0150467308162214,0.8140190108988484,-0.7068098517223921
-1.363420354058189,0.5022283130971351,0.2964434933372218,1.36186462484127,0.8095225699034689,-0.2845331691953899,1.1997749466572805,-0.0757511605987446,1.3485739992461525,1.824003213253796,-0.7527352610943508,-0.7960971700397173,-0.0889911578269436,1.1498006895501116,-0.2205224155071711
-0.63768815286638,-0.0568232929135155,0.6819383067234251,0.9542572689235616,0.9292629078359372,-0.4947072402966811,0.9004513268808936,-0.3565577582001485,0.2470533150022402,0.5370842744892004,-0.8843481841931854,-1.0890932261032225,-0.1518953068867309,1.5825978227254318,-0.1157408880691962
-1.2134060805562108,0.2161180289466841,0.2404765740956285,1.312223369958507,-0.0685321145369459,-0.1299774869226849,0.5982585237119856,-0.0525214177314782,0.9706508298018072,1.144010704019088,-0.5204069156710438,-0.795415385238172,-0.257141761542177,1.3821942533870928,-0.1344583558033206
-0.9328743742544404,-0.4990755020614157,-0.2021312456011122,0.1225445688448336,1.323753792647022,-0.1362868654348961,0.6874541505396696,-0.0556447445035454,1.0314409009765737,0.6778001199311988,-0.041008053514139,-0.4732282013046458,-0.3962565082783976,0.6280787198653215,0.5091659974668861
-0.4740908505804344,-0.8689445741484009,-0.5455647502612578,-0.5102083774068735,2.1182409915061124,-0.2512562693911536,0.911479019352466,0.8258166329515721,0.8364050544806967,1.3720053692484142,-0.2734288803270801,-0.7109780091045766,0.1282484411207423,0.4917331824415394,1.133652096745185
-0.7904938215388568,0.5602424439456405,0.077364942003107,-0.258769506624266,1.340783082602162,0.806115877848822,0.7927782752111482,-0.3331328074096361,0.3738338219382331,0.6838171048731985,0.5452051128624584,-0.0770340369532881,0.1864063494128025,0.5458128699334701,-0.5651083671032568
-0.857886842896117,-0.3828659954568369,0.3601792835468266,0.2140863100722861,1.010403049254955,1.0518455110449263,0.6486428350864929,0.5886390061975203,1.0336370638140415,1.6223366033118092,0.4402483026685801,-0.4419617326553592,0.1040415820461228,0.7914362285646147,0.4925274485708774
-0.9424756509742634,-0.2312777080439378,1.119991449194998,-0.2973720355593407,0.6475026550387103,1.044133338712427,0.7615639122822828,0.046253791435236,0.5032459989625816,1.0934074924622612,-0.0063332726257069,-0.1737086904847219,0.767263092086214,0.3869124226459085,0.3179350785024183
-1.256915193450345,-0.0744547074621492,1.4484912200908429,-0.0079712403140044,0.5133986123054577,1.217348610111945,1.316716272554944,-0.065795556512768,0.9621353769257516,1.5178716578989124,0.0054641636781102,0.1920162780833466,0.0921118631758735,-0.3924499946133344,-0.0292567530439614
-0.9962567513899434,-0.8578436049960526,0.3102569684731064,-0.1444254603871181,1.8077385979263485,0.6218414188117729,0.7510410082741364,1.1008645968169883,0.728875564598181,1.239286196977518,0.6110425078422013,-0.2842356308205672,-0.0994040150580391,0.3106690534209382,0.9211518700012512
-0.6080464501361421,-0.0012520282104918,0.4432942514595619,-0.3626243069945568,0.8153343038724282,0.0679418590213171,-0.2704479526990713,0.5873701546963538,0.3978665489500268,0.6895981883847838,0.1430484081347383,-0.3190970200445388,0.1361989430362652,0.7829498214695769,0.1835473482743627
-0.4934461197103178,-0.1179152099563744,0.5572468528040447,-0.2890332424918655,-0.0300588080258734,-0.5839988938255883,-1.09763850276705,0.8350890093061549,-0.2086531347128467,0.2427828975829673,0.4224221427651279,0.5530137326025434,-0.078707592096902,-0.0921753094598511,0.1846660589480496
0.1747419839093061,-1.531958709437962,-0.7743731932649063,0.3007361626018265,-1.0221288141458695,0.6850883420347331,0.4595787876770336,1.3413607582663725,-0.1350741403264341,1.0259991938879751,0.0999082847809443,-0.7033454637081398,-0.5900901151385648,-0.0599793120659427,1.5666209696824616
-0.4260700209025165,-0.3257051791420989,-0.0897876750101821,0.0085939314579598,0.4934659974623869,0.9103304228589804,1.0143656493811384,1.1977853307127817,0.942090069152988,1.7228070653385628,0.1333844218193661,-0.5782224529106856,-0.0329672203017658,-0.2104159036209243,0.5399447150626545
-0.9353603380444616,0.5160997401223085,0.4877474356103829,-0.4750150604794173,-0.8410974542972891,1.0429198119829337,0.9848929597600532,0.5591626097860991,0.8753754141038805,1.6767557666822157,-0.1491334674576716,-0.4552916892314243,0.3184552759564589,1.008085394000268,-0.3695893923695825
-0.8633272361745961,-0.1504199643732593,0.0487318627641869,0.1020147404787938,1.0709146142433672,0.9049838712304604,0.317768248221541,0.1662090602750507,0.9257922524902014,1.8340142534486712,-0.4082038165478017,-0.8125878525902562,-0.6626816083846799,0.5806458564184473,0.2120479669363415
-0.739536723157267,0.7397401956344768,1.2801243189978866,0.0751260863921725,1.130110805386587,-0.1404209284777446,0.4394902639889555,-1.0723852127739346,-0.2446323755441674,0.6961905844383565,0.7892084364736545,-0.1582867790569617,-0.9001898314208946,-0.8622708904513369,-1.0980265323059375
-0.7472690900246538,1.9671847454338205,2.0359508505237254,0.3806481119420864,1.3235363538816605,-1.945600942414584,-0.3602356008386597,-3.5024310454059964,-2.085288692756777,-0.9579438236273156,1.9884513958080647,0.0473765948360734,-2.482736973305948,-2.879356474501412,-2.968398773939978
-0.3513363277860766,-0.2172824490943391,0.9418939471723072,0.6992879078522658,0.8207148123366923,-1.3202991819263206,-0.964090429448561,-1.7571746075502666,-0.8878603977170366,0.7894675513039121,0.975460852774315,-0.4405422425157974,-2.0052282947408107,-2.0993787091103675,-0.7442976834147732
0.2104386573849553,-0.4046559111766272,-0.5027571110078628,0.9740262914608132,1.2061642474156955,-0.7952435051756457,1.1249057252144825,0.941574931441416,0.155802128219335,0.458031607304376,1.6091901067410952,1.4752025413236562,-0.1461110325134055,-0.3594621656724294,0.4882736679458645
-0.3255471879009455,0.3518400696063943,-0.201335200526017,0.3934905209592669,0.9992625080529488,-0.2062912966115224,0.1763555565097382,0.5146552032841073,0.350707588633989,0.8723301764365702,0.6728966124399305,-0.246554914549492,0.033621075538564,0.1374310073317038,-0.2714605521725469
-0.705065077164398,-0.3266935830479666,0.3518095029158412,-0.5647057339537904,2.380277081377268,0.5893589288492495,0.9502360400129132,0.5391537976525401,0.0108731205493207,0.7565492406293377,1.4715510112533745,0.3709854976261947,-0.6221924809707947,-0.9300402684999258,0.0824066399503269
-0.8651804617128996,0.0287648302702111,0.2694873577917483,-0.817280221755556,2.0327901704239184,0.1605897443534593,0.8389146373792032,0.2193056154002471,0.9239224983458624,0.9714832723991048,0.5350457664600831,0.2316927091524066,0.456820449266324,0.3153110866820481,-0.1952585486241158
-1.1430404689257077,0.7286651186117812,0.6063279036379122,-0.4653911649705225,0.887216272877538,0.318093881876038,-0.6081153952375105,-0.3279597974433851,-0.1047411933491571,0.2534986451362125,0.8056939351287624,1.482780179236818,0.3325935263365303,-0.6321537472921832,-0.7754320202586621
-0.9578330709807612,-0.1967083377234522,-0.508080297612279,-0.1213982438110943,-0.0816231240712156,0.2646776259114156,-0.2365544970402999,0.6079645905997009,0.3495868892215733,0.1638680893102906,0.7037811445596531,0.5121682381442068,-0.0772481052138395,0.4300519120984461,0.4444442613453164
-0.7160639088224603,0.8908871910985147,0.7034763040928966,-0.0946681461657082,0.487075667997257,-0.6095069909480886,-0.8592866396887525,-1.5115054361346487,-0.2752327470349734,0.5819813258562614,0.8634537716769175,-0.0827569770734795,-1.3279670232452747,-1.0052652790089354,-1.4221877127299387
-0.6851224717447585,0.6938886112540751,-0.0798710540093119,-0.7165752188183137,1.11140075996259,-1.120595179580402,-1.315847194036171,-0.9514539043178576,0.2052357491156181,1.079561234456767,-0.0139773378309425,-0.57710951266852,-0.969058311116212,-0.3096206140061163,-1.0089415269601734
-0.8232620684679005,0.970887117256356,-0.373886022442105,0.4997584608975686,0.2950355263170856,-0.4068501588836737,-0.0357743164612873,-1.3231297901941812,0.0740713428160603,0.691574451547746,0.730197231053353,0.4093635997180477,-0.552845702041517,-0.426039615529956,-1.3184077712592843
-0.1715429074326472,0.076829628863524,-0.3125544661335714,0.5606691521192632,1.0275846859821374,0.7704530382508438,1.3732476338615045,-0.4272230264182292,0.0121525894075791,0.3854458931257352,0.4349532647600387,0.4418291181312405,1.3797721921362434,0.2892771857333866,-0.1679176867258263
-1.0955805598505866,0.6843603075419287,0.0375699441332776,0.6534140666761283,0.9006130500811947,0.5315850364562951,0.3670039283265721,-0.4403995612379145,1.3598732393053232,1.1531042546216264,-0.089806549707242,-0.0750587858298809,0.9418362312863152,0.8371845812516713,-0.4693077498041023
-0.7714675102606484,2.2027738559082666,0.9938652690434056,0.2137055757964681,0.6211741968872909,-0.1678525238323639,-1.5921952047612535,-2.356853347787701,0.2438765956151673,1.5979034658665996,-0.4461114066563932,-1.1111660343795775,-1.802771817279681,-1.7056421827226982,-2.4839991876509067
-0.6751117518770529,2.493528962969436,-0.2747420597317946,0.5969436185318587,0.3887953510877253,-0.3574709034769498,-1.776075767960104,-2.1286552855033447,0.8298538191343556,2.032897140885116,-0.6572368521496941,-1.2655991054923748,-1.528892361478178,-1.3174214915448803,-2.5874880101304742
0.5549248055429604,0.5176780342863478,-0.7867626116871418,0.0927930348979005,-0.0400152334946278,0.0661376760058377,-0.6155533499956932,-0.4094591054020822,1.0131345177768536,1.585961972768389,-1.191010094191475,-1.633122851316942,-1.4773322857368305,-1.2401818081942175,-0.6123299917003144
-0.2924049939033705,0.3146004326973914,-0.6755039948949103,-0.1031558861931313,-0.0835405093441685,0.3773300830518845,0.433905948372873,-0.692120178274424,0.6667696583792371,1.2925344158612038,0.3720391320963019,-0.4594695206156332,-1.0571568524948642,-0.7259702023663767,-0.4474873780912254
0.5961737262215615,-0.9947251627662932,-1.2432434567509028,-0.6513522728690939,0.1141088578813024,-0.5441099529989185,-0.4786390780453794,0.6469085712889496,-0.0439036687366669,0.5123651440212743,-0.6141938874052393,-0.7240915775177739,-0.0707568257815813,-0.1364276706417994,0.8799131426445708
-0.3365323989704173,1.2507089911355345,-1.1241417079885925,-0.469657443300511,0.6604777306486851,-1.1730248977734357,-0.9510358098991624,-0.2469485092928191,0.9264432959161714,1.368357673808978,0.3708060469011866,0.3182204192525824,-0.2512295176667855,-0.271612446364209,-0.7823798501224399
-0.3912718935286243,1.2167250080941503,-0.6189269515873289,0.1553264858517532,1.538328725127608,-1.088646343090814,-1.7866310211433836,0.0244881079923795,0.9005811723566078,1.5002248608774706,0.9803817131064078,0.28410240846453,0.0825442920978855,-0.0532291064941103,-0.8519609832232288
-0.958911573949933,1.9400655539846705,-0.0409264438127122,1.510654519474389,2.0867745981878647,-0.1695319393949491,-1.2002799229075158,-0.962971171789868,1.3767232011079822,1.628625881011964,0.9852026510175168,0.5294189132030953,-0.4854615628102423,-0.3909294246570063,-1.7064456539472426
-0.3210598230785782,1.3914878772908688,-0.1024025667400576,0.401254981839134,0.3552230635059716,-1.253796100794634,-0.2343420333099499,-0.4683142942632842,0.2634668825738675,0.0861169472587861,0.5546488446498755,-0.0336944055240682,-0.2604174106353397,0.2661030002533324,-1.0962985648530377
2.0226389828582034,-1.756129390735626,-1.7466416089815142,-0.6907501106411986,0.9803654216096452,-0.4791115622772886,-0.4277612061978442,1.093837111579834,-0.7272289588061466,-0.8693407876434889,-0.8173219250046345,-0.9913350108723336,-1.212460005642184,0.0153110720555868,1.605703016980653
-0.3430157991387154,1.195914490322088,-1.032268774703493,0.5333777282221489,0.2696980561695653,0.5965786406216783,-0.5451031279487354,-1.1368038274478798,1.053140426718593,0.7830776622858856,0.4885916203439691,-0.0103119220747002,-0.5836871452387238,-0.7671999208206066,-1.3370267795049124
-0.8684333059149847,0.6079064774017223,-1.1879532461671465,1.1777317207575435,0.6930108378046437,0.6637061612997476,0.1175811881982478,-0.2098590038744902,1.4920053409423923,1.1860653786229547,0.2545864916562006,-0.1035569853131907,0.0266115725028995,0.1922723734253211,-0.5569263401365798
0.2062311337463236,-0.99968969719098,-0.5034083649501255,-0.1353025833508402,0.5185585670409834,0.7299720384553143,0.0161710781656446,2.01736579649627,0.7645419231835745,0.7938773239595686,0.7635402799310607,0.2878385486548697,0.0385122073954062,0.2328531700901573,1.488996859816515
-0.3518456552502784,0.5338887589383927,0.1831655872397747,-0.0810824106348387,0.3081467294070384,-0.8650152653400149,-0.7150879930447228,0.3715677955386484,0.7221442722825323,1.577517900332708,0.9581806519710448,0.1080179592053075,-0.6957455962809846,-0.6634806303801093,-0.5534952326238106
0.8703091215729801,-1.5032871159544272,-0.7331018830431653,-0.1009191137428785,0.8287943112522136,-0.3517775008653076,0.2732777681145125,1.4035344818228876,0.338788349453901,0.5862528114665027,0.685429435242007,0.2493660300050613,0.2487264393195678,-0.0929646071458973,1.39304725444777
-0.0970931829510296,-0.9444944312403022,-0.6136125822608071,0.6148049933529359,1.3006020958813218,0.5752107244582889,0.610182335445198,1.3644928971720165,0.3585152313548346,0.4084422153250824,0.4776971000442301,0.7638049791678837,1.484434852038464,1.0574272682871644,0.9696572433959472
0.187606423458933,-0.9293441581592452,0.3112033205823095,0.2854098683526776,1.3782240472851974,0.4898560292918196,0.8026536460947222,0.3284268444994455,-0.3217945479688116,-0.0983860140541775,0.9720856009540306,0.8526991815361271,0.4211896681343721,-0.1909459694642417,0.3705747410118704
0.2631994518917976,-2.346393396170066,-1.1456583969364855,-0.0916358577775353,1.657293974241939,0.0895528751837528,1.0545395953193872,3.4263765865463305,-0.0128575897233138,-0.112423219496994,0.1512488498840461,0.6315075256296524,0.3269723866383587,0.5442337677891886,2.3254446233851604
-0.9255819936729855,0.3005443835303475,-0.7394460777711795,-0.0546765501425316,0.4585925860977844,-0.9513907332499038,0.5418433681801756,0.1498115947216913,0.4896197664946473,-0.5072447218890154,-0.4228798689795259,0.0623738343636735,0.4742269455452251,0.2952403740940286,-0.5293455621137584
-0.5109510525176588,1.126485307531101,-1.8765117849383264,-1.5167743498695565,0.2701093745519914,-0.0082008392064628,-0.0126071249164758,0.6872190074409705,-0.6794032111665761,-0.9285261446147782,-0.017506512699721,0.4080612185280529,0.782934068093299,1.6961264490631645,-0.5406483847308292
-0.0088375473267185,1.301435050359225,-2.347447495771109,-2.104274364122851,-0.5275263361973677,-1.688189710773637,-0.9023779394538536,0.7054709482652487,-2.3016024168085427,-1.826817813102113,-0.9835101317727092,-0.8901782047763281,-1.0932693700581455,2.877580165728741,-0.6598050743318171
0.4011801417480702,0.4980337880934185,-1.32797276211222,-0.7927875592832702,0.4600482407074567,-1.6125547678965837,-0.6530494987413904,1.2432687768310533,-1.141988191901277,-1.081931860106646,-0.8632086393300998,-0.7338464693618137,0.6906157059440527,1.0476288279920158,-0.0338300400532911
-0.3551434886692183,1.7739911829035413,-0.8947158922494051,-0.415091080737111,1.414532454249491,0.0936312746983282,-1.2529861512894018,0.5629691642895612,-0.3010168163418317,0.1528402326050091,-0.460983902315753,0.754664808003751,1.2992450033632743,-0.4561497385895059,-1.0612489460031356
3.259906215465914,-3.68892508504079,-2.356274244075196,-1.949369732877876,-1.215636354205685,-0.5471152763408886,-1.2619999505740995,3.801956630887739,-1.0165578904900567,0.4910505292968221,-1.3619099620102637,-1.4355006884799912,-0.5577024619246643,-1.4884976474712444,4.011344423857574
0.1982923943245601,1.50589281503314,-1.291451107224443,-1.6207438220025323,-0.0925671719512549,0.446454485258173,-0.820085249716008,0.3929430631350129,-1.3309429025273312,-1.535430953414655,-1.3710977223192469,-1.1254677115821536,1.7596470150200532,0.1270665025002388,-1.0536766758826093
-0.1668809514292772,1.9100869708260624,-1.6918619841010183,-1.9121974012676184,-0.0289294010746853,0.7247120252278108,-0.8687076302895694,0.8804748514628032,-0.9594536653052336,-0.9256559391891932,-1.0075380724049037,-0.7889273873436464,1.7510677703857038,-0.5605009739510299,-1.2014434268822327
-0.151767051036944,0.6241734892921423,-1.5965106346865403,-1.9349797417515369,-1.005149614233993,0.0131528440843784,-0.1014387450064955,1.690002109198675,-1.016416417157029,-0.559641597770199,-0.5547804410902551,-0.6877799013370526,1.3771250213621091,1.1495280461118498,-0.0783966593178311
-0.1022875801446915,1.4258185897206437,-1.9278758576151729,-2.65746453313451,-1.1347739099814875,-0.1418302681514429,-0.1398431832132146,0.8352842172294177,-0.4422985616581831,-0.3809768757600371,-0.4785156099786471,0.2377065981507614,0.3516110105825508,0.8303279535199227,-0.8227108436326243
-0.3736130067957176,1.842663865210766,-1.7793911017596862,-2.328600000613933,-0.2145346728938587,0.2058291040925043,-0.5069278035600713,0.3019761708984703,-1.2196625953592966,-0.837334614895407,-0.7123676660215051,-0.5195131835986687,0.7817220594208428,0.8517791135537134,-1.1655093638473268
-0.2928140243061444,1.696123417335351,-0.7726106357420888,-2.455524928864615,-1.5430045402052524,0.4914999736197024,-0.7985271940818289,0.3008049233589442,-0.2099898137904168,-0.0356221051661596,-0.4253847327327755,0.6089006357078669,0.9319053748863468,0.3757953611121783,-1.1766501783704493
-0.6351217037801496,2.1775976999278277,-0.5487872204073102,-1.655598446134801,-1.5237358780157075,1.5680424371229662,0.9688899327460228,-0.3466997580758122,-1.1427667387230007,-1.2404312911490651,-0.4684023979706408,0.5971711005723382,2.3047114282851444,-0.0867442318987905,-1.830566370617093
-0.3928056543527513,0.9453732378456652,-0.3260567801448701,-1.6441166899636412,0.0756051894283517,0.743676503722967,-0.7476505785129397,0.0688979105327489,-0.635226943331029,-0.8267387446570731,0.6345068434998701,0.8411106634056136,0.4356095042989478,-0.1795714676579526,-0.8345464395151502
-0.1092538920902319,0.0995584157194118,0.7919568713495502,0.0586464887078761,0.5769617672776943,0.5139298395898522,-1.6566636560355164,0.5928359765474912,1.6425480459461452,0.5707269866524515,-0.5749135333130518,-0.3936415264886709,0.757530535534488,1.1785503826653985,-0.2679372565972253
0.2074536847584505,1.092481061083902,0.4847878917926565,-0.4614233604429213,-0.0526880502445367,-0.4126190052295353,-1.471948609746093,-0.7952875657143539,-0.5866261967903129,0.3209497570372526,0.2408350405199171,-0.5449055645907791,-0.7472141896923431,0.6118229883242055,-1.3585179246346333
0.1853004165363284,2.148999279854178,-0.732716453701129,-0.1780274140773106,-0.8961565444261834,-0.765047245651407,-1.9328747323881903,-0.890353824339227,-0.6975543728410303,-0.2978605816663618,-0.5586051312040698,-1.1829465264811594,-1.8177315578310709,0.5574154192252946,-1.9131245149093867
0.0914124611579664,1.498224241676909,-0.636739485763452,0.9952958842052376,0.1406582278032273,-0.5767712572911616,-2.0611991990968157,-0.7999725558724559,0.176459008801644,-0.3550527642106216,-1.179317895331034,-1.4714156530287883,1.568998368122453,0.6602136512103262,-1.434287294654198
0.2949329468331964,0.1868981977613733,0.0228783181244966,0.2506323271715944,-0.8713121694007707,-0.9477326631116944,-0.8046014583698327,-0.4513312049401534,-0.1848133258824538,-0.2291169354306206,-0.7245309884668385,-1.154504247534321,-0.4699008415187794,0.8904250539968337,-0.4937754867385602
0.5351118020874702,-1.4483507713002752,0.7810078124204042,0.8051477761972953,-1.7333773529828451,-1.1628547020120616,-1.0892732573333244,0.7747697610205585,0.3594718394405412,0.7227759478194871,-0.8915781028535789,-1.2760047827101328,-0.1406768234721769,0.0984462896795162,0.5380784225721026
0.0786805127882501,-0.4872912058351911,2.1951750508547088,1.2480693131217502,0.99729714518316,-0.7716653728910549,-0.0227957017699688,-0.9295906169133622,0.8544249430937839,0.3009606429091025,-1.3736104523056378,-1.456153601395506,0.3770483863154618,2.014376850570886,-0.2260653198137251
0.3158582983567786,-0.5655259641975895,2.5827964661453167,0.6234344732293418,-0.0679094082950279,0.0823940889815633,0.1370085952488942,-0.2587585886497156,0.8874356831269238,0.1394696306597516,-1.171132973447113,-1.026049912604027,0.5742850829712624,2.2345024732304712,0.0900328109846161
0.2887892358894008,-0.27367100449857,2.1038925486226927,0.9386060747984862,-2.0038065863577925,-0.3760807805717501,-0.0897652467934889,-0.1571528645958193,0.9947398800527686,1.3498999923788166,-0.2772325229522188,-0.6601859531373374,-0.635931223256608,0.2622829514845282,-0.0736242336209859
0.3430928716127649,-0.0114760421889551,2.874866837005429,0.8575941712122926,-2.0830171690837647,-0.5104984380440848,1.1096960774240776,-1.227673115722782,1.4986386219520875,1.4896718039658905,-1.2900755209643466,-1.4456901801455213,-0.9924140672421748,0.5675260311895308,-0.7401787149790628
0.2505393211710028,-0.8169137767391745,2.2980217396112046,0.5053798417697308,0.0919480775111475,-0.2056951009168998,-0.2922720253365306,-0.045493932494306,0.9795055525830856,1.596704692717489,-1.311124923047651,-1.6866035504688774,-0.971202593475204,-0.1856279021015688,0.4010380228411501
0.0160315837110011,-0.7594951648726762,2.1674420993497336,0.5743401303763764,0.1467384930977607,0.0330833035185011,0.1924439319542778,0.0483034746294186,1.5875025016764124,1.899701884420716,-0.6019986748255496,-0.9895702722032528,-1.011416480699729,-0.1800673442459434,0.4120575890176868
-0.121239184558214,-1.0204653168752498,2.0138676514711107,0.8186815708250016,0.9120210484834728,0.4698910178953862,1.310907495277667,0.383377874895545,1.3554968792729856,0.726560645904536,-0.5788700359822061,-0.6540987190875236,0.7025856135835458,2.1119117465897728,0.7951585471085171
0.1046083350299231,-0.8575486598669668,1.5926245676639332,0.2867795507974937,1.1870608573059975,-0.404655063208364,-0.3335451758312788,0.1090131387615226,0.7125373903388255,0.5004424887868353,-0.0966095657690507,-0.4675729331380101,0.58967262239526,1.0178351841651694,0.6084129861236532
-0.1242468581657011,-0.4558322683073187,2.1317113869456774,0.3132447249846409,0.6616568337971928,-0.5655931585998525,-0.1707372736047782,-0.0682356555534426,1.4806755000682403,1.189210017473032,0.0019598631141305,-0.6437700339127335,-0.547863616654281,0.3585564915223119,0.0235745565754813
0.0275764771479441,-1.3666374616062944,1.1593266321457394,0.8340812616294975,0.6823909609408375,-0.1388523327869374,0.6982316080084517,0.3030498144763728,1.312651303399035,-0.0164702056426826,-1.4735828344996065,-1.475873087095354,-0.4697300392494939,1.7912131286317865,0.728917448211419
0.381029925538727,-0.3592883970462517,1.7274511151364584,0.2042367574338595,0.5940429374849353,-0.9861074038139104,-0.549631070258404,-0.4395211255832568,0.3381834289954384,-0.1439772835145534,-0.3705145675591046,-0.098934626186162,0.799603417736334,0.925042662301028,-0.044802611985305
-0.3432609697333157,0.1817805620483041,0.8446038579600456,0.082598866378838,-0.6718559802001299,-0.7163950396094144,0.0663291023490499,-0.1209417948321302,1.6070981105159787,1.136294886271492,-1.0398574479697702,-1.1463584893883114,-0.1872791386076719,0.7082875814776484,-0.1654522530271958
-0.2907061350357414,-0.158637901176032,1.1097772858859198,0.4623807266248023,-0.710463194332222,-0.6874762517192299,-0.4028810787192786,-0.4903727895910257,0.4702689641749278,0.4332255657831394,-0.3884995403316515,-0.556190369372848,0.2812222320507102,0.4531374124452367,-0.3230971852045315
-0.0941007809125664,-0.7526269960461397,0.7797615555031867,-0.0758319060361397,0.2342397477736857,-1.053594169802866,0.1894822550464485,0.5090917774713655,0.9534620415839976,1.1447864814998696,-0.1589628572699058,-0.5518372797855674,-0.2601019816767357,0.1385286758954117,0.4186527916272869
-0.0533756337769757,0.2745396794010256,-0.1810464399871253,-0.2541652396421153,0.0382478274980118,-1.0133810111133403,0.0449565048499793,-0.449379125707611,1.2717921195584083,2.214986500902326,-1.4745263572747649,-1.880522699955028,-1.3463599951692309,-0.5282763439283821,-0.4744782460233659
-0.2159055772116826,-0.8975069703894877,-0.0213863967113294,-0.4915584452377737,0.1360712831123002,-1.366286639197963,-0.4890237914024711,1.0283448533279878,0.3176090375665561,0.8218314293970228,-1.0978813348303962,-1.3731995377528794,-0.5568122278059557,0.9078681527793012,0.666714961401019
-0.0077747286716784,-1.1514536007876095,0.2927207396198927,-0.1210096397014637,0.7949305060634165,-1.466124439197422,-0.0004201228069368,1.2188677864242607,0.3165885669104546,0.1396460215659778,-0.6367497794355413,-0.70611271982092,-0.1604523419380773,0.3570452968515007,0.7916046339799582
-0.2506479839958955,-0.490676320351075,0.7442261294762017,0.3177353349984664,1.5696075582659863,0.2001513608105698,0.8575888268641865,0.2992432599729106,0.8309851623085038,0.8852713607144855,0.981866517762043,0.5840034351184241,0.0331834938734424,-0.4507196745728254,0.4378575633972442
-0.3103102894662031,0.4740914483781623,0.492600346983394,0.5447189043093089,0.7449613377003382,-0.5852322403848383,0.6671182184757546,0.0058457513215927,0.9095884557227184,0.6264677974197521,1.3732941056868864,0.1948414808389918,-0.2409554703294595,0.3831648423002854,-0.3169713559002974
-0.1864776764477805,0.5011385921621921,1.1215441881605115,0.422057189295446,0.084421180259481,-0.3949688485117231,0.385868993648325,0.0807079898896455,0.8487846363557143,0.4933333358793425,0.8580162911682507,0.1149492691788174,-0.1171394246852235,0.8230410761987983,-0.4199284049740737
-0.0492003042568252,0.1616792634797686,1.7325519103984248,0.3990781029662129,0.4231733758629085,0.9400566558337692,-0.7841696565417485,0.56619009502327,0.9977631518748648,0.4004999150789578,0.6347109403597513,1.1730140405510563,-0.1373007024559044,0.5280292202392703,-0.041879789309798
1.0761364396610322,-0.3634266348115932,-0.1111657979867194,0.2421418534124259,-0.0399119742489006,0.5922573630013925,-0.8958872187947171,0.0325892368074363,-0.4876702569833093,-0.6292153944116992,0.3030782047567947,0.4034368332946302,-0.9911050238439788,-1.5748716461619592,0.285409220245698
2.7450434266106885,-2.720951195213706,-2.2914109189418754,-0.4665756992198527,-0.1530851100831274,-0.1464924373338286,0.045041303658581,3.863447126712861,0.6339908636538508,-0.039011208112002,-0.3291738981865957,-0.6587601820679545,-1.3309468089648604,-1.2549423083885105,3.3425604813691114
0.249417067220303,-0.6894310620328217,1.0053305061159588,0.2788157760212779,-0.151233604495382,-0.1450602743455762,-1.1761618854625502,0.8663222770268557,-0.2975538241131628,-0.4062074114160394,0.7958573168860741,1.4483902649707052,-0.2384029546828862,-0.5640308956410148,0.7266791231824725
0.0950747485079364,-0.1572307202166531,0.7120249815774592,0.6643221533825276,-0.0558862225279479,0.4106590960910186,0.2011807217975431,0.0052601275518213,-0.6346599412737388,-0.5607359064020297,1.903686568285095,0.9580615766739374,-1.1391596565385524,-1.262837058951633,0.0360428134237357
-0.0002111745537718,0.6020210837572161,1.3969020619033012,0.5972812758225973,0.6790020956120917,0.1092830600326656,0.0449271393366302,-1.0305131132358814,-0.5426523821727194,-0.3317807241869789,1.8060980799347173,1.7684777948482395,-0.4747739941893819,-1.3919590655780505,-0.9898745944613316
0.1979399100016839,-0.2145401348407015,0.6253733055314868,-0.2576259783511173,0.843639868663608,0.3829839886497293,0.7954623145382224,-0.4444013236646227,0.2320065838330921,0.0496969345890065,0.5682310654731743,0.0433349178015345,0.9713950710650916,-0.0730297095048181,-0.0445738478758571
0.5306170078531461,0.7102051559142651,0.8002146603050563,-1.1852072646425098,0.9233681797852872,-1.2079326501987342,-0.8541841069333919,-0.8858640421043877,-1.985546445051787,-1.3840466691454747,0.2738081638390902,1.4175873694643415,0.1457490637276079,-2.542225514894067,-0.7360120861435817
0.3486975374445262,1.896967541305581,1.3955538348000631,-0.0635041013099473,-0.4174167489419974,-1.8152179397705968,-1.3806755691424986,-2.5237561221701985,-2.0765394097401613,-1.396961523227436,1.1289310613601498,1.4811025631426742,-0.7312053107438529,-2.6951750630465963,-2.2412401568732645
0.2261023342621472,1.715281341788719,0.9389369750606332,-0.3213730405192287,-0.6838449371742433,-1.6532043590788552,-0.9001849480425149,-2.1476880580206408,-2.848205150376267,-2.437526693017396,-0.7286596978615171,1.2227598151764885,1.2408745176338982,-2.7544810921347955,-2.003831078846402
-0.2795743994526614,-0.2679477181005842,0.3218541840715514,0.5536399822385606,-0.1714741352584446,0.0701777830704396,0.8812301850804293,0.2842122498823232,0.6426934693403692,0.3402131852769232,0.6544118149615701,0.4304659030317279,-0.3331088470049688,0.0109829841662299,0.4994031580958922
-0.4135205058708677,-1.000715250674173,0.4018966929220423,0.9599084723238562,-0.3997450962519072,-0.0088258176366615,0.8327715133179187,1.003455843113063,1.271235983007886,0.7969397612222784,0.1971259971692044,-0.5328962241622535,-0.4873990845274666,1.0099487953431832,1.4577791258895745
-0.1846426116942628,0.476867534974825,1.0408541757724177,0.4502340109166557,-1.0554269849504772,-0.4956843317519686,-0.466553049332009,-0.3941352834266264,0.8538435276091473,0.9255146034633926,0.3190113662848493,-0.2913916359931599,-0.6262890914356799,0.3007505081167413,-0.155374573977583
-0.1437416351423431,0.5558160155198183,1.67222948338077,0.4853969254334885,0.331856541679812,-0.2987012488894411,0.2502082522344237,-1.1784807190626885,1.043508709330844,0.7227357032923384,-0.0427571210831413,-0.856080049830936,-0.6512190839568887,0.2560354639252528,-0.990402481836002
-0.240165083723775,1.0977225287213963,1.5591067470870104,0.6063421882726454,0.0484147815260166,-0.601262956138865,0.6737159583720428,-0.8636103388533835,1.0700099020844285,0.7390283147885527,0.449026168450635,-0.1548768419960388,-0.8059807463186086,-0.1290173942923906,-1.2828472437869582
0.124414734563674,0.6252969825701103,0.4636663271104104,0.6420831627931026,1.0916273304893194,-0.585396695045818,0.6089013238134049,-0.0608177544697797,0.6268613172533785,0.4258000223909349,1.2788606146288382,0.6058375680615786,-0.6937818989837917,-0.1971812944909553,-0.662740872178652
0.1191138491319537,0.1435300063380834,0.7882906798576035,0.1252458271707416,-0.3632457456130422,-0.85309883242289,0.2845006548806996,-0.3656349266314854,-0.034546028213529,0.3079130990406759,1.37230636192542,0.2993257614656886,-0.7890456748789285,-0.7818061088830205,-0.348107983162194
0.0469544472588089,0.0139432746612651,0.0899941720147439,0.8338198174662073,-0.8438346120009548,-0.1457623448604901,0.0680842806522741,1.0213173680908336,1.5546398873273828,0.9740820413330694,0.0870633638639662,0.1812284771996997,0.0315423643293907,0.1276406753915961,0.2101973927114642
0.4409799143498358,-0.4970446585008401,0.4986211190597504,0.6311459162814188,-0.2494317150151112,-0.5869600920927543,-0.4160548877052124,0.938061188822839,1.6130209204300312,0.8510562343725342,-0.4216750597035404,-0.3450556977737424,-0.3593325477361095,-0.0904092083774315,0.5074705589792421
-0.2585937400845055,1.022275114403338,0.18345175587181,0.0749371275403142,-1.0823110523165975,-0.1249678327762175,-0.3128118671281665,0.9818853675934536,0.5212587917345138,0.0300565350072673,-0.0873718442495761,0.63161450404725,0.7661806393146093,0.3803046200594879,-0.2993400157277411
0.0598997848497515,1.8023036638062448,1.012824539194585,0.6802622946690593,-1.127242429795198,0.0809252184957371,0.2562986125925785,-1.654592843880108,0.87518870478349,0.97614906874875,0.4320559397533093,0.2375230329114747,-0.7765488184427066,-1.023888650222094,-1.944120698288423
-0.1923960285621952,0.715246240983144,0.6026594261850297,0.8915501017433403,-0.4925337685325642,0.1075550815285575,0.1443034912762696,-0.347578193730452,0.588217366323324,0.2470432517282525,0.6341458471789554,0.9099800458404494,-0.6345203859363139,-0.038452896361925,-0.7133224972732399
1.1256563595739426,-1.159221239683381,-0.4399518038482873,0.2129472551783572,-0.4045311121655268,-0.2021368193817674,-0.0763510174816869,1.4686363242282263,0.4459830043319156,0.0614984281087318,-0.1868924495401618,-0.243768815647249,-0.5024381450181533,-0.3487028853048939,1.0147920866485995
1.26413853473735,-2.0768506977629584,-1.263505234786608,0.0257452815884286,-0.2106411834980938,0.6640539474047854,0.314441857919309,2.368349642507624,0.1902679591793193,0.1106524085549378,0.2899067288640068,-0.2002895854874906,-0.20680109766762,-0.0661226579401567,2.5437152495299222
1.0594730941304389,-1.244928691812461,-1.040845781775365,0.026679472282162,-0.0936593425586303,0.4169674602336943,0.6858078758915663,1.5674115333949397,0.6629636265797314,0.2191370972167627,-0.3491147991996706,-0.4021864275942772,-0.5703431518508112,-0.0371140042357403,1.7089082854500628
0.8722065108379197,-0.9667335191223262,-0.1169993253700108,0.3860440013654287,-0.7205846054474092,0.6447908321785021,1.29040677478824,0.6517887693702988,0.3744462817279229,0.2572323953624242,0.0471439314792755,-0.1126073999640742,0.4322833548444324,0.477470079151808,1.0670292986627303
-0.2867937241498676,-0.6513628769749343,0.412409490493883,0.6264531757991433,-0.3232617892768195,0.0801546780371618,0.7234985907925547,0.6266069472704889,0.1755658197962602,-0.5002717153605997,-0.6592185050986025,-0.2552671720432343,0.6514924678848596,0.9825861377121384,1.0587347918502994
0.8059832091188667,-2.000100796748901,-0.5758508752069237,0.2835128242020613,-0.5160473739167843,-0.0638994266264672,0.9744349503957116,2.340142097597369,0.1977833419425939,-0.074014099666226,0.3214788122804541,0.3554760584022183,-0.1908588474681397,-0.1364877231463231,2.293983725033165
1.4174394975403315,-1.104275889071089,-0.6398808859377522,-0.2388120222772917,-0.9744551231621524,-1.0863329465684004,-0.0326196437464738,0.7346545327917847,-0.1219588084216588,-0.2830133480813611,-1.2457786361369976,-1.4347591335398262,-0.5827665051432852,0.4610496466489168,1.0424259943230367
0.9108893951754,-0.4663489759253327,0.3046874950908349,0.1400762390493408,-1.6817606196227513,0.0109619326834037,0.1397413153734989,0.4358888062509699,0.3074047744956139,-0.3688866063513563,-0.5830610374393275,-0.7127314015778518,-0.8011903507846724,0.2726337734668612,0.5962004714968592
0.6792015322984016,-0.3907124364863336,-1.0399580125177286,0.0750871514248891,-0.8871218616835065,-0.0727161364367035,0.3264551795060456,0.6186034224170546,0.7404346898396535,0.2926060503263374,-1.0587191868362236,-0.5329756475328942,-0.348138653502737,0.2744946409488258,0.5861841471381382
-0.4885286744846286,-0.7996043251940467,-0.2277432335651512,0.6855632490445149,-0.0791927365538859,0.3957140727306979,0.1609680275148085,1.303002401346895,1.3919774856309135,0.74111503633454,0.2999130026214713,0.4110193338631375,0.2071606759296264,0.4280815818234247,1.0928525026929248
2.645304190198085,-1.2466319436456972,-1.0662672185671287,-0.9571924053857486,-0.9347419896188156,-1.664777301111945,0.425097315094542,-0.0678452397069339,-0.5208648236513705,-0.6855617996859343,-2.062466905929002,-1.6558213212477315,-0.8495961369399806,-0.7929898109597459,0.7445925918313133
-0.3708983822154454,-0.1966430445269371,-0.6151988758671966,0.2449864255540792,0.576541283026022,0.2372885706792007,-0.5504025823818486,0.7679374837066503,0.0313091430756807,-0.092955143555439,1.1089538055939083,0.6915965733959112,0.7774128715186416,1.055078379186155,0.5942815370870507
3.690592528606639,-1.0764947596986472,-1.7358566085702292,-1.0238274894621946,-0.1419964133290455,1.3575870052717034,-1.2365066020814794,-0.005769120112041,-2.04929792118358,-2.4887609730105757,-2.338995296471664,-2.0916894853404764,-2.1917150244235035,0.8302108891440148,0.5225771481400637
4.204126175025402,-1.359848094913483,-1.6618384997385616,-1.191666233998356,-0.5915887446101118,-0.6514586522256557,-0.7503955473543424,-0.2316246873173622,-0.905557425557572,-2.060572904412866,-2.833037736273473,-2.581080896819429,-2.313611395336857,-0.932264745028271,0.2863659453258486
2.4006877059070484,-0.9600252060527752,-0.6787593665501431,-0.8495488599171823,-0.628424081643536,-1.358623584540326,-0.6484387990759198,-0.058572863352351,-1.3748386628922196,-1.511904816296728,-1.3242445243218857,-1.3704715881041416,-0.6480105924123303,1.3339044381667975,0.654940255346277
2.835603624549724,-1.568207690951564,-1.7180796700715322,-0.8327098593487178,-1.6062627868083437,-0.1012256896173188,-0.8147694636604975,0.8107856228609849,-1.3302018306167072,-1.8319317579495549,-1.8646443236820371,-1.7820521057160466,-1.5821020275571018,0.7847828164810872,1.224893719938609
3.1771264691994348,-0.949864233781292,-1.3763275305002594,-1.432044156907799,-0.5725767267594625,-1.481962551535853,-1.3606677613574227,-0.0862923884544747,-1.806659402554442,-2.1032195802924223,-2.220258334020581,-2.2163990691282565,-2.225369813667672,1.2575115711457543,0.5269958648535967
1.493935612271149,-0.876586129630212,-0.5158094581014251,-0.6230577765222969,-1.5268840676683857,-1.533959894714284,-1.7231000678086614,-0.7662991891110816,-1.3038990996704258,-1.3050286807553209,-1.2430237537303932,-1.0757770470506358,0.2697605008223124,0.6344686104100088,0.4487895645651632
-0.1384667526524735,-0.8732201527753777,-0.4437343344235644,0.1003251285794062,-1.7832540033532192,0.8714902628658211,-0.068362812676577,0.7149385325430943,0.0627867379292714,-0.7396739915035148,0.1259289336086245,1.1454934374028,-1.0273500057058866,-0.9605986315615996,1.0788001414682231
-0.1862568578145982,-0.3821162494416799,-0.1748755700829075,0.1800821664540918,-0.5272553701877747,0.92458887133823,-1.519544296596251,0.6150896797984775,-0.3148557022993799,-0.695091832154729,-0.2694270936671393,1.4636764272700746,-0.1949485835382863,-1.0840392151650582,0.8463931433337641
-0.0175617406904398,-0.2704738893588612,-0.6436634981544912,-0.9276132207993116,-0.6226392724154871,1.1645154264360766,-0.9603076174107724,1.1301457853051466,-1.2360566493677478,-1.041112135912997,-1.288396824291825,-0.5838027551407473,2.876921768775601,-1.053001698997666,0.8215743866839771
0.1636911463675417,-0.029523982301565,-0.0616145535629087,-0.6960451419312058,-0.6463445017536376,1.4383984660838511,-1.5156765287150291,0.3894293205164358,-1.0239954407456622,-0.5629964500546377,-0.7282219526172515,-0.2963231789558968,1.8402117485642893,-0.3761316767067437,0.3563023476299267
0.0963166985401762,0.7688519553221073,-0.0752573521199201,-1.802491089516414,-1.4387794410059835,1.9630497263802515,-1.34868474749302,0.7830660977588779,-1.5251554097041933,-1.164137514740265,-1.683436076232981,-1.080149182038019,3.4497423439990484,-0.7160291056997208,0.002337573403541
1.1279347125742616,-0.4018100284043793,-0.7801372437640475,-1.318034273133874,-1.554727973404638,0.1051743562282103,-0.5037605680587983,0.6672101953073949,-0.6741190269564724,-0.6063719157888635,-0.8272433710047109,-0.3557407750632189,0.9952629695991152,-0.9447607336912024,0.3715708416800186
1.57439036534002,-0.3014926606826419,-0.8625311134637907,-1.398317134990253,-0.4492472349335472,-0.689491043209564,-0.8823302448217686,0.231213298718766,-0.3109396849619719,-0.6397378397946504,-1.4851738353336892,-0.7982486924193931,-0.0387282274928975,-0.5894951846480292,0.0904135200385905
3.2596406139884317,-0.4702035260092634,-0.6226838467435424,-1.9504559356247264,-1.4406458411312542,-1.295283054028647,-1.0418895675046709,-0.5808516620194194,-1.3655499850753063,-2.118704518379424,-2.613390609077447,-2.355435656448537,-1.8993841643427631,0.0182095555967356,-0.0082130687038982
3.036847820950178,-1.6458818284197418,-1.4544593893184812,-1.1238512547325117,-1.6043153260269265,0.3655973778169177,-1.721310498877505,0.4343271428649351,1.3671491374296172,-0.3016005398249532,-2.128454928643355,-1.806255263560261,-1.881726223856292,-1.86026167193458,1.428349604613436
0.7738609082850222,1.810800785311358,-0.2216127761846165,-0.9097357749491854,-3.185179719671001,0.6413470476047146,-1.443684538699828,-1.72847904283188,-0.2214431666496731,-1.398499163857804,-1.897811020116754,-1.5256464167677428,-0.7156353354594726,-1.5509507318598257,-1.8984022543079584
-0.2445975534466781,0.7114547326061936,0.2071573136466466,-0.8171103161855598,-2.0613880091298933,1.9865900100015408,-1.16374451325631,0.1226776933893223,-0.2084930347967873,-0.114421531523234,-1.188781824203544,-0.4235413863752759,1.72431421246006,-0.6647984914604058,-0.1961561949703006
0.2390204306759129,0.4982566855573841,0.5577582345115603,-0.5350047326239699,-2.3908849682619056,0.9133767320794082,-0.966140833233584,-0.5139929483048009,-0.1773671275704403,-0.3954497068025749,-1.0555799220101767,-1.0419518086365007,0.9856208377781877,0.3443440654515883,-0.3485015450572827
0.0600033838720486,0.516277607795574,0.6172194461570891,-0.9772945289941628,-2.320636314191468,1.8207327295465523,0.1860243480734687,-0.0203121103944973,-1.4897952810136448,-1.4347170976253054,-1.4675596385232597,-1.4527450826090589,2.092399448366378,0.6293132169203504,-0.1768593262794727
0.1576947854275719,0.2769690366092973,0.6034421637018212,-0.9693813696754154,-1.186206753089829,0.8088772928660222,-0.0482573292267786,0.5821971447301195,-1.471969197562103,-1.273723790299469,-1.3082484329287012,-0.9358105782008777,3.4820377216835667,-0.2405392027574163,0.1915307353390296
3.941020773587755,-0.6688592021514655,-1.6757570627437963,-1.9684952101101465,-0.4704110838064637,-1.8389836036231049,-0.6435377420084039,0.35604876563993,-1.1643343261685448,-1.881512587263498,-2.4612358153835907,-2.4392733050895403,-1.392758986860328,0.668033652875412,0.5700574238442359
0.5475077759386627,-0.4798871824993252,0.2109787438272643,-0.6841170005021596,-1.893119549339908,0.0511664692318759,-0.4702505914567036,0.9979900212619268,-0.9831919149090949,-1.0348536838081055,-1.531758093197978,-0.82982353446183,1.20258889813368,-0.092838674256663,0.8673534488999279
-0.272553192407656,0.0442460723129139,0.3306966636648448,-0.8930422834658981,-1.7838804332295186,1.3159036130372876,-0.5827074736928147,0.9388420205158564,-1.0249471704405748,-0.5570742966313985,-1.307319367014451,-0.4011490611206037,2.474515323935122,-0.4079131344491692,0.5099114191463356
-0.281001259293622,-1.0028991955231312,0.393694940625007,0.1563374695554266,-0.5780135193895668,1.3138958270365593,-0.0618402139468001,0.7045925126106088,-0.456277812223578,-0.2391224098930174,-0.5453637096165931,0.642856152763129,1.5425795403406422,0.1159547620745043,1.428370619947112
-0.2560933302156787,-1.3134944283667749,0.3072932456330446,0.814382487714068,-0.4379782283453859,2.021739562764918,0.2333158584564755,0.1045233565266666,0.2893334410341529,0.0398404505037129,0.7499984532779468,0.7785546284941499,0.269217423637926,-0.0595749078582603,1.4663006159199878
-0.0852560659770899,-0.9520335439482706,-0.198561186930654,0.6553737381358217,0.1895244843059074,1.276837325904091,0.527143416191658,0.9820805755166996,-0.0420494367448546,-0.1125186932156549,0.1426920890335291,0.2517766913925158,1.6224594784089486,0.4583738894853075,1.0136052134195372
-0.3272654457886853,0.7198145132496717,0.5273108472681061,-0.099759431600325,0.1179158443860554,1.025164549146744,-0.2970551492461579,-0.5907096621437736,0.0462294795742556,0.2682743804655345,-0.5548323157088082,-0.7973634865359007,0.639332192391054,1.590667663080226,-0.7581397017991072
-0.3139800062281299,0.338337886864962,-0.340808045241632,0.0954775594719123,0.546993528126913,0.9171418360343512,0.3320520579085876,0.1921717140678769,0.8208425443575955,0.738271375171543,-0.4718750210011602,-0.2322730931895761,1.5706783644367608,0.3038362439821232,-0.1520204778194185
0.1377208113796686,0.5990558720396129,-0.6996022685122651,-0.92901210446959,-0.6844516031449804,-0.3201618847682054,-0.5536563440748614,0.1441505649473092,-0.3732320787562704,-0.49302020814165,-0.3290469754518575,0.8977241282637873,1.433477079036178,-0.4267052608016232,-0.1283997276548084
-0.3505669709033602,1.9597052971985296,-0.9592631832833772,-0.1857125967365604,-0.1583632186019057,0.7808769690418649,-0.938855246217684,-0.7267695846520782,-0.6414346956164615,-0.599100714439607,-0.8529081259329734,0.5225163739403788,1.8039202323379944,-0.6945794659825004,-1.3472910033332133
-0.0881122621296645,0.8242926336321006,-0.9065529245398428,-0.3104840070946916,0.5109981570798853,0.7067814745809905,-0.577538358169219,0.1350733965159903,-0.2296829904458643,-0.3619932326107034,-0.734368882314901,-0.4289816846535195,2.2144802381385964,0.3654942028044729,-0.1659588604959548
1.3257692216313033,0.6091875749471408,-0.5100739821139793,-1.535558255604271,-0.0647544874571226,-1.3220619025870273,-0.3960508487560742,-1.5954448431340202,-2.355616514042888,-2.270085698682415,-0.3159983828767897,1.3588112386413258,-0.0395856760366966,-2.215571943623527,-1.1622246989429617
1.6239932470197898,2.167724918316825,0.1531045222918474,-1.676145381034339,-0.5091479090583669,-1.3088479642375177,-0.5611283753913159,-2.534297350025929,-2.8551604051783706,-2.6421785692006177,-0.0359030808063619,1.7542318355714952,-0.8877654205292305,-2.900541325749316,-2.6621451755840693
3.29762038703315,0.3113560362774474,-1.1787644996206128,-2.296528522499401,-0.7759662196004063,-2.3792959053758564,-2.045840250441081,-1.1988799470427725,-1.13350688776078,-2.381302412757726,-2.191808082156732,-1.6884841824236891,-2.6830621239981705,-0.5524965072087558,-0.8809719563780536
1.5634773846645793,0.9874243078909766,-0.7295867282558927,-1.736684450419367,-1.0677659635564325,-1.675029787601905,-1.64978019126469,-1.4206361478597291,-1.3502540124855895,-2.3459790634527486,-2.0136127083012227,-1.81934522783397,-1.9273250095597825,0.9059079579480817,-1.1961167135136448
0.3895943865453622,0.8695453217961907,0.2759129567112497,-1.4335274859658955,-1.0694226944226943,0.8580106666822385,-0.5879558918059361,-0.5156522156524749,-0.0624513105356563,-1.0856769558644477,-0.2169956733681524,-0.1658066729378976,-1.1843032779903782,-0.1601169900530673,-0.8174459724869627
-0.3706948988768308,1.4134534091943896,0.946415577902944,-1.1576728389163429,0.6493956934714775,1.305023231804714,-1.5913029328529669,-0.1593001517516076,-0.3992414410197994,-0.6350487101819244,2.008839396504817,1.2165862689942948,-0.1472714832253187,-0.1989443549402354,-0.9225378470071308
-0.1291593504500836,0.9172026007836674,-0.4098658637674112,-1.2674504865690406,0.2899659413236597,1.187542343975145,-1.3810807190058176,-0.3584122334710685,-0.8181129358092808,-0.9192570593725488,-0.1277383763179436,1.847162447097653,0.4422070724498639,-0.7558497440794408,-0.5711261620477152
0.401000597625761,0.264934825044689,-0.1758970272345464,-0.6428277103034633,-0.3654121847394206,0.9117072155351535,-1.2223348367461686,-0.7658111693029506,-0.8036367546180009,-0.7733175599333014,-0.2333465956562758,0.906243500428831,0.5711318509844141,-0.4204846321684219,-0.2417832595222283
-0.1418161792100084,0.4499577320524306,0.6146112871917508,-1.011659483782576,0.4147598239783729,0.3711179572189107,-1.585727882291898,-0.7161307528347077,-1.3662380599223038,-0.997837281496643,1.002687799084251,2.060670702337205,0.0029599530033587,-1.3643242712809338,-0.3818723891646297
-0.3142260023129469,0.8076631319265446,0.3218854068281697,-0.4066706070786966,-0.3966667963522322,0.8352937816820504,0.2849209586051854,-0.9936188157407972,-0.812150433533768,-1.144226320866807,1.6098853116700655,2.230639957278378,-0.2946444932415351,-1.0646037415173009,-0.5911802228762117
-0.533805574679553,0.0875061922385235,0.6019111413651963,-0.4906960771326246,-0.230625213138968,1.7046307186055614,0.3560575798973252,0.2606896951301705,-0.053271066041393,-0.4686024834940721,0.732668929066872,2.5421440900288217,-0.3958263298076109,-1.2196071106631663,0.2827234586972721
-0.5276655784417393,1.1030315410449412,0.2386742246119397,-0.7321613832639902,-0.2752453807133164,1.1836509054456226,-1.1490937916872304,-0.4753417795004384,0.6682695418033723,0.0083184964812186,0.7204401255456601,1.4603475344649075,-0.2335884987673643,-0.7258399619135262,-0.798040533658391
-0.3240959760985677,1.0618788153240974,0.5105885327649798,-0.991392072954008,0.3528068544426322,0.494292849942034,-1.2503922499551747,0.0483034746294186,0.246104689737833,-0.4811215283701936,0.6215326612383006,1.4703783819997955,-0.2898260713290478,-0.7501543848212553,-0.5100493313773725
-0.1898353579074912,1.215099432649876,0.6889288977267143,-1.111288431916568,0.5050992041363794,0.491176199543518,-0.6832642564551558,0.0532812766724069,-0.4751496452653359,-0.773118906097163,-0.182111055395655,1.451912043104571,0.1976277412251313,-0.5735204582863116,-0.8298732657661316
0.4035464094565529,0.3210734651105343,-0.1327850286108672,-0.975997932453359,1.0262574251502663,0.346209923074888,-0.9193139889147482,0.1609384463471941,-0.0765831216858834,-0.5643365071820363,-0.6461131480843803,-0.3454797618419847,0.2159363696136345,0.4957017154620363,-0.0208366063060253
-0.0672232321756526,0.13508692058181,-1.2464371074608742,-1.680870636356314,0.6264921912589613,0.6913356379614534,-1.873816759172377,0.4607778164658935,0.0292344965179917,-0.2247587528337026,-0.4437404814674406,0.6523901990102345,0.8181267387605345,0.1188182783345368,0.257836808539381
0.0487676365215627,-0.9893846295892564,-0.2550319738754604,-1.705456825590436,1.1633786858576698,-0.4057641494994876,-0.9883017455829888,1.2120355091103523,-0.413840247216039,-0.8658181071181741,0.5002987012671097,1.4913481779553153,0.7908248156545518,-0.1506183055083496,1.031072278258555
-0.4606250414073538,-1.1921211305136594,-0.2563973456857155,-1.7173681090070518,2.5294340593136115,-0.084863465219398,-0.6025210293922603,1.703471455903229,0.1633813735530046,-0.1664964511872279,0.7945226084628098,0.811689977681164,0.4630330513118526,0.5375616051346283,1.2872484607564407
-0.6106867805968386,-0.7891945633289453,-0.2501787971676978,-1.812608962067672,1.7599016510854877,-0.2795841870267781,-0.448131293337446,1.433010878234309,1.1097200031480194,0.2746441472199867,0.581595157777475,0.4011327451034945,-0.3981353332405433,0.0493002828440855,1.1402730911824717
2.045524048158146,-0.4352581569364318,-0.741619210206325,-1.4330164023900342,-0.8407333974281641,-0.1738457994380049,0.2193160462608293,-0.0169935756991661,-1.791309989411027,-1.7139753699766376,-1.416879411802232,-1.176949859387153,-0.1448773430575415,-0.0589041948646932,0.0421114183657546
0.6363181409891384,-0.0460296520826956,-1.0302342694708,-2.161004019740801,-0.1667338054743497,-0.683931790969022,-0.3223875370372658,-0.0439322691082724,-0.4951656826933352,-1.0043562526948326,-0.4541617521733297,-0.3513307518862701,-0.2106301355372776,-0.9112048131252202,-0.1389522520891677
-0.2618507117376803,-1.2683745780852502,0.2570557332849617,-1.0319987379098172,1.2264730209396308,0.1129271825897587,0.6739563001804961,2.0807107675923118,0.6417772188512315,0.579671546877886,0.1761792813185278,0.2221882440586519,0.6999632963903912,1.1958678019447269,1.5630730148488456
-0.1823011086923053,-0.916727936549838,1.213678374123966,-0.1391716421741822,1.5776343713354302,0.3935973371020231,0.4801614214600472,1.020243724512931,0.5393545171499451,0.2939679422503804,0.4806067559029107,0.5649738386456971,0.5402235146384002,1.3138129479189848,1.2122264391436497
-0.3365885323052078,-0.8760018680958779,1.306312042551851,-1.0462514832764829,0.3237168201390086,0.5103325365266423,-0.0153360762051427,0.7144505127349632,0.4825106206374955,-0.1230912301909086,0.8695890083253031,0.4303305591246158,-0.6272131687284885,-0.3743551867944271,1.0428308343101906
-0.3920684915885177,0.2870939850482203,0.8175893921412788,-0.1723448970224778,-0.4909542314713603,0.2703755297878725,0.3829485383835659,0.3385776565086681,0.3304480751563591,-0.0309344740198696,0.643723092328878,1.0210682176474029,-0.3256260683314992,-0.1048446142117892,-0.0808687083392348
-0.2019840974385389,-0.1674006984462762,-0.0903785755016718,-0.6179607336829434,0.5107184548511672,1.4623250343039635,0.2778906662676135,0.1966614963027341,0.3155419303400942,-0.0449637589972365,0.633034369696186,0.7158255640966479,0.4500454688511806,0.4914189836836913,0.1925506850443582
-0.2496157084789031,-0.0384443838392597,1.1030574587913076,-0.6050448038498821,-0.1023972802844589,0.0932557677758219,-0.8176267124058825,-0.7261839608823067,-0.3281459910376324,-0.4358241723979831,0.7959449084551065,0.4548111922394741,-0.1711496933514514,-0.5598824584930409,-0.5172934342576446
-0.0074511365064157,0.0114283608506631,1.4910823461870508,-0.6375352884846677,-1.2141806995960125,-1.1901553169003802,-1.9385220189714012,-1.4994025448928838,-1.7992138694775373,-1.26556999221918,2.0578838719342563,0.3062509931200168,-1.9647855694914136,-2.3301684656588013,-0.7326808881860956
0.3679306340222186,-1.4407069643289292,-0.5663457679951943,-0.4740145146605901,-0.334632479726931,0.1338075990940882,-1.328427568396723,1.6371983659583818,-0.2769333097167726,-0.6510756649856305,0.5488405881790913,0.7755134427969157,0.4550709158052332,-0.4463958942470846,1.511081630719596
0.7346946994251916,-0.1523877662268547,0.9954303358696788,-0.9504490347329771,0.0789593247056562,-0.9457296636672128,-1.8114777002030007,-1.4441587026118818,-1.8989991357195295,-1.6328755835730733,1.3100878593924443,1.2809094739025124,-1.2420344450090215,-2.037600898665065,-0.5610704818202212
0.4102634233564062,-1.134156532434924,0.1737208436840013,-0.5955688197964862,-0.0221841806096768,-1.5734135442139352,-2.4979030131663333,0.8752042375349287,-0.363798379685752,-0.4304455341578849,1.0437554889066687,1.195571088255552,0.6216887938934534,-0.2735473025859244,0.8524142468795675
1.6561514566780955,-1.5756297262037122,0.3217061885113361,-0.2785772984480889,-0.2729269886608394,-0.9379588322464052,-1.0624652132377168,1.3245728768665044,-1.37531940613047,-1.0473994870134478,0.6066471969243026,0.3446473301694148,-0.1576724424655201,0.1139041084073557,1.3252362947919425
0.8066786846271162,0.1327048446537735,-0.8508969602063885,0.1005665253765632,-0.7056153088011902,-0.1300276348166072,0.2325060298343294,0.3338926663505648,-0.6194251703139833,-0.7042605201457204,0.30545890958695,0.5320739230216535,0.8629689444430321,0.2702357274634145,-0.0458511068147989
1.0114662977862183,0.0797115354683319,-0.2033777474427157,-0.3423432482173508,-1.0338917751563796,-1.0558066365564749,0.0777204089712098,-0.0951743489625488,-1.4001801291070362,-1.2198847475065788,-0.0474896170216353,0.3259224600983293,1.161561981531362,-0.3281403503064037,-0.305266557916852
1.0949687607381249,0.9773578981799638,1.6372843251239446,-0.2782087417045916,-1.4406913840440716,-3.1699751495287094,-1.834172373942104,-2.7251130950070706,-3.099611079678721,-2.68249068788894,-0.3966398160274735,1.7545244053347735,0.7742881947099401,-2.941751153395086,-2.1280195426523814
0.0114212208462253,0.105434803405778,-0.4334663285703063,0.0346289985171592,0.4770897398868662,1.582293948711331,0.9170674963915632,-0.0673572198988028,-0.731001950595274,0.2218480370668225,2.0753894296869784,1.198691697323427,-0.2965360093939673,-0.7086956053371093,0.0126018782266036
-0.360734946657501,0.2926461582415456,0.517337954889562,0.6685791535926529,-0.4489340199953973,1.1455934246652288,0.9278378480342544,-0.1423170624284767,0.1019415894224849,0.2409149521366926,1.0748402910701496,1.0457474091888628,-0.1059383916573152,-0.2218339878355606,-0.2718822921906328
-0.3762170156868422,0.706526222014065,1.5934209801256074,1.294009757944049,-0.7682253565885224,1.1256513316804933,2.1018038215651083,-0.4510383930552682,0.0001277995903107,0.3134814003182941,1.9635269171986636,1.3215511420576231,-0.0949129200950498,-0.5403702088584862,-0.5034882027503809
-0.1608396012724532,0.4537852642619412,1.0498915590484288,1.2512926313706794,-0.4304698060489195,0.5176580597212666,1.8337385933582568,-0.4295655214972814,0.1152573788398886,0.3418019878327621,1.196387199559825,1.0213421472318571,-0.2737981555951264,0.5802414522107655,-0.3962083037035038
-0.3180674210401143,-0.2253585420564064,1.2888690176326776,1.152125435380597,0.0711661875957274,0.8073544547509905,0.9506671398820128,-0.337524985682853,-0.6572639650179833,-0.1143626631989473,1.5741551799353313,1.7391073565623585,0.5841429650270775,-0.2010588619033333,0.1782442807939945
-0.3323063018018902,0.3491562940806669,1.3709453836867571,1.975998952578416,-0.5211985924331848,0.0420929337348132,1.5330976182014366,-0.599005998882093,0.1677603945257754,0.3349736903487753,1.278680754271068,0.8214456799677614,-0.7599921031134732,-0.2716159937695395,-0.2807582301726832
-0.3927292965076311,-0.4024742178172061,0.3952183703056672,1.6175096318554665,-1.3596272906964564,0.6993178386342677,1.575628539173028,0.3789856966223281,1.3553115004228116,1.2585196558884608,0.6252510509042603,0.3626367236195169,-0.1825471754290187,0.0137078982322771,0.7453766084281549
0.0942764994676072,-0.0017653678244732,0.8214877311303831,1.018447941197636,-1.9045207449486043,0.2544037742631098,0.9898073647881824,-0.5385891466348561,-0.4948226431224992,-0.065289385873673,0.7557726936054174,1.0563196323521993,0.1665718697920252,-0.7763686966695843,0.1373966679953401
-0.2997287431130914,0.2226743664726222,0.8957518256870146,0.5838311499543722,-0.9868049862378374,-1.6892068698255855,0.5301445088420039,-0.8418446554105282,-1.501079220665325,-0.9174848017115688,1.748926297464095,1.7839151046845934,-1.447584135702932,-2.05699557715152,-0.4893312137107269
-0.2097077966586419,-0.235312377290669,0.5210485797471949,1.137903071714466,-0.2837450058387426,-1.3367809117351692,1.4828710237777194,-0.3612427483582517,-0.5061252093572117,0.1054630052190919,1.6150166468889104,1.1165691477448545,-0.7211803280159191,-0.6994173666950753,0.0179972759274828
-0.0031821138465798,1.1741290775813678,0.3628657060586613,-0.1285776860974395,-0.5788198294498247,-3.1917977885355366,-0.8549667685298196,-1.1901931944579445,-1.7913492382824154,-1.3782996222286583,2.153956941100016,1.4564420117800383,-1.4567831334629875,-1.7838386519682272,-1.3866544995174703
-0.1695563652242161,0.6138751761590238,1.0472234344292617,-0.1007769596921162,-0.7130416679245617,-2.3602741942495515,-0.4920310084112158,-1.0664313711146842,-0.799976852797281,-0.9520854620609398,2.19896667673068,2.051161374588105,-1.238227087922772,-1.473358841837059,-0.7167585876802532
0.2374953374990697,1.0995687501401017,0.7202392964544576,-0.6073490497700333,-0.4154499539051389,-2.91973348176627,-1.0507753834023124,-1.4160487616632669,-1.4458409799592271,-1.1852414878970876,0.902034456221325,2.2787186515629143,-0.2751127513890732,-1.2948450438630226,-1.211964138000459
-0.0350881362434359,0.3618884674011271,1.400628259869808,0.5837791262108531,-1.218106842400967,-1.983970738065313,-0.6565807409803277,-1.2972647403629776,-1.0834224451835628,-0.9460370093237755,1.3657676087769777,2.1514390531198,-1.176997382781541,-1.6199434579752616,-0.8602876306350575
-0.4356415799745078,0.1626113801472611,1.4275225086358003,1.6034681915266695,-0.4884814518087664,-1.5148496798459867,0.0459398569600974,-0.7292096836927529,-0.5110670192315874,-0.4196529366831159,1.459837127101571,1.9572237881841816,-0.6604683176784996,-0.8803750735557602,-0.3399937766143789
-0.319534317156624,1.1972271087209967,1.0256184094194996,0.9836299739228628,-1.1859544052521425,-0.086262280809163,0.4307113102936352,-1.1710628179790252,-0.7014107407637291,-0.2817850337367904,0.8498843069073614,1.4453920327290215,0.8139650859454254,-1.1103341037916097,-1.1691949399779624
-0.1083276920661884,1.4634319738924575,-0.8930338332081058,0.2150124652514953,-2.905403018265348,-1.2423684671975368,0.0218632767104482,-0.6254566724830503,-1.5562633555826164,-0.5563081521491366,-0.7464973382133376,0.1973700616185709,2.467078286426648,-1.1470766078887984,-1.10248333280835
-0.393161027891388,1.364096255607983,-0.2361814501516465,0.3733873204262256,-1.716556837182295,-0.1781937676566994,1.28083120302591,-1.0115779446802082,0.2890664600106966,0.4656202694715129,0.7793930783205371,1.0615607643719231,1.115994262804096,-0.7237013832713997,-1.2542612999767704
