MFCC_4,MFCC_8,MFCC_9,MFCC_10,MFCC_11,MFCC_12,Chroma_2,Chroma_5,Chroma_6,Chroma_10,Chroma_11,Chroma_12
0.3935472782976973,0.95224616962431,-0.2531283913375403,0.6539958669623734,0.6881837391016877,1.2184168898509409,0.1858357051143882,0.7567717292514187,0.5655748583975596,-0.0816685409856643,0.0519358577195215,0.1672471114771437
1.1646515216521094,1.5202881436282625,-1.3594522436115248,0.6891610843019772,0.2317622690566732,2.061974267605644,-0.9107573227423522,1.515726527204993,0.7198173623649551,-0.4397978086888254,-0.0310090302025132,0.1474265928971865
0.3615930060194527,1.8651794950319305,0.3297111028482744,1.086623643983038,1.3863540571855164,0.930473885090386,0.958568057953802,-0.0471214636204809,-0.325463407041299,0.3424829340226938,0.6488981061725669,0.9278811456852905
1.2806051596142591,1.9804107296003743,1.0216478856605782,1.8818838222251368,1.1702950168672337,1.2797506361986115,1.201171943803608,1.0678351256087129,0.747470566673694,1.017930649105986,1.1148042933892452,1.2011858257865842
0.4297594873118488,1.5501468049506744,0.182881328253524,1.4102131848120611,0.8212291515630699,1.1154527934148448,0.7905823696674363,0.9106552688091823,1.1120803323730135,1.3442643064558084,1.304036800275801,1.179116943991659
1.0556828813065575,1.029889558719431,0.4934596707264696,0.2486799501050117,0.7145770974216947,-0.0506838435600351,0.5235833686870259,0.1556145238810055,0.0945196629452313,0.2972287702390121,0.8141153266692814,1.050364326195284
0.9358227319797242,2.4415928210717275,-0.2304059755795442,1.3813545800666849,0.4173621846670383,0.7745574362447722,0.5755903538868157,0.109697733415131,0.5738959232948655,1.5391044212965257,1.5824126822769295,1.3003323606384545
0.5094788266650847,1.2558165205139995,-0.1761217223974034,0.9297872681138348,0.3350070134920892,0.9064615834853584,0.2184903009356555,0.2302550866153029,0.58970126626667,1.579596206914233,1.560079192359449,1.1705733179570663
0.3674373772883071,1.84845223731471,-0.7551587272317589,1.4162782481518492,0.4276201366774298,1.476545381839231,0.9965003803388988,0.1419683072522198,0.0802559933232429,0.7007870096019575,0.8858081759022379,1.023716230446334
-0.6259885966267562,2.0987775741263444,-0.6789883151959092,1.54333253397158,0.6431381687161172,1.0627954619116549,0.8815918738502656,0.1852291163496031,0.1146120019109435,0.9377487972077788,0.68566460119597,0.6505284096121813
-1.7756422254278008,0.8808348124708612,0.38936616901004,0.7883586246016101,2.172855665950108,-0.5046272617551307,1.4144674568105329,-0.5821140815438823,-0.4969035348805942,0.4246244524657679,0.3403478326224447,0.4507363026132217
-0.0373015655851931,0.5718422190748002,-0.9346369128979226,0.8092363590449517,0.1024069353217227,-0.1809749764961578,0.471849100478647,0.0196811055238017,-0.3619619681041202,0.5093860227634304,0.3456911379397507,0.0753363514017841
0.0732474848583746,-1.147105838758672,-1.2403705664030298,-0.2159038602550773,-0.7141558128650021,-1.1633632423472282,-0.04851413987836,-0.6648207575230494,-1.3619130025209771,0.2075979947399796,0.0776796684866215,-0.7749693306040345
1.8988206238001395,-1.1221059855589577,-1.6237457805256346,-0.872903318640381,-1.986326702097732,-1.9220183535973108,-1.957091727920036,-0.9209779423405604,-0.1723732578087017,-1.1835346544918792,-1.816498192415945,-2.163831431909455
1.671671982093032,-0.2487962779351621,-1.2595645021745598,-1.0191715517856448,-0.5309176882166947,-1.7570994668039517,-1.667312154423064,-2.1519895231609567,-1.0751482857690378,-0.8852417508470063,-1.7928181634398488,-2.1614195391052613
0.9658873398332788,-1.5342236974517054,0.0004314171579901,-1.200155803592622,-0.2564660852944241,-1.6424101894759615,-1.436134276405547,-2.5313721665535547,-2.254935445527814,-0.3091506173150821,-1.405019199650335,-1.648999426722333
-0.256025369726179,-1.6977859851936297,0.2922586266111022,-0.8326017067254806,0.6945952915541251,-1.5695575768566528,-1.1110374898653168,-1.3720055772102886,-1.4431711489074854,1.2820806404205396,-0.2307265443610632,-0.8551130911860034
-1.2169997207900085,-0.6612379699618399,1.3135420918483722,0.4162742870178443,1.5297591738619192,-0.7413325606126835,0.8503694048894781,-0.0699767459444127,0.0345310302073671,0.7245071572911778,1.0507964500701503,1.1071550592510282
-0.9027323948658532,-0.0490548915786253,0.5556521775488457,-0.3709258176473736,1.4433731906153286,-1.7040851100005612,-0.3740439371735693,-1.36218819243553,-1.2138208817012148,0.7302059767036024,0.1530187226655392,-0.0650604982411502
-0.4500891535321925,-0.1504890990816368,-0.4504165459833334,-0.3149317977305632,1.1363912535232104,-0.78442873957544,-0.0144738371100445,-0.6273356838355719,-0.542418355768934,0.3049141179266742,0.711965677938078,0.7633270151562771
-0.8609221470335319,-0.3167067474522174,0.2679616883173191,-0.1904524476969953,1.093144963691446,-0.8955610148404375,-0.1966614803174663,-0.66962986826543,-0.3598872568205666,0.5575606765244583,0.7210325239042117,0.6107902376108179
-0.4119785781317766,0.0564163922914299,0.3911171287812519,1.2332838504034238,2.038265305954215,-0.6377985487901681,1.0107520190735495,0.3009076751976556,0.3585183413662681,0.9813945632283602,1.251668082264089,1.2732433035457835
0.2553601285161634,-0.3144429983914752,0.4061873681037475,1.0677981451795575,1.1856559903531454,-1.1520511032250798,0.7197259983698246,0.4235988535284785,0.753346512109102,0.8419565606478658,1.0242186788344094,1.173316991772281
-0.1050362957072306,-0.3189348840845968,0.1048443611584372,0.8479093277035263,0.4664966501796814,-0.4447210165657403,1.041786269791595,-0.5485096315825363,-0.4128974656649513,-0.0891363086573264,0.3838247812724011,0.8568127473037027
0.4944271106701826,0.5706605729578017,0.0084224929469812,1.7189693206959482,1.1227260867914148,-0.0758415263312244,1.388895161687749,-0.6007299637185686,-0.7146841605494907,-0.0169631783547018,0.6500342676331474,1.522551437796253
1.2784169509694432,-0.0084581534631553,-0.4025645087747208,0.7439579322057988,0.0033812623461162,-0.4244807322605204,1.2581966315208954,-0.7274168849821516,-0.5438078001035281,0.2099227741891884,0.3149678465471937,0.7912289983625035
0.3127073940465043,-0.0262344760881681,0.2000520376422373,0.6737008953257942,0.4028470248979729,-0.0710851892786928,0.9957884874477564,-0.2169357122019814,-0.0019420017659442,0.7582413580624774,0.9710553823874426,1.189639885148634
0.2252172030084504,0.159184850172737,0.8778141247417849,0.1618928580231539,1.1913632323296666,-0.8672762229701423,0.6124194780167644,0.3549209477788597,0.4666397085694757,0.6880487638029309,1.082703651088118,1.1829896176108576
-0.191191739716296,-0.6197038669648876,2.178969290587634,0.3781053580481465,1.7804281164528268,-1.087208927006431,0.3080531720350575,-0.1014925709543979,0.5156375955126368,1.0283839947939686,1.57063520972273,1.5656530964106483
0.0590398591360675,-1.13681348940735,1.6481972893343784,-0.2522579560710364,1.1748902984035752,-1.4429348288765471,0.2082246096113703,-0.2784371478189033,0.2857287612831194,1.189550657699762,1.0930327626424612,0.8045129588420948
-0.7427796310449064,-0.823094025499694,2.0298971659467164,0.5377014082320146,1.685977469557191,-1.003831567000112,0.3915470021088506,-0.0015069493536086,0.5896459532393997,0.5859477399224902,0.8941351293654864,0.9574837595283144
0.3837000047051952,-0.4856875770114218,1.149194005774562,1.046966232526114,1.579482306154669,-1.0460014084439917,0.4320110230538385,0.6435579926802766,1.161012032787817,0.987067347425195,1.267816756472124,1.3422021027716158
-0.3665376041784757,-0.1924339606900657,1.787967964119758,0.0643438654677659,2.067308163453616,-0.7388726112911127,0.462560040614294,-0.1863333074818159,0.0159085049321113,0.6262366161615539,0.8655927456041586,0.76605449983125
1.32836888792593,-0.7970344522680386,0.0382298409727985,-1.0131500295131806,0.381838056051771,-2.490609946207684,-1.898088210064939,-1.90618506274167,-1.6880773777019271,0.0908763376476335,-1.0899790526710167,-1.7058762127675748
1.5127172663263575,-0.354573056371413,-0.7077771010769349,-0.2865591942318863,-0.1333828191927764,-1.904756730371593,-1.6398110756316393,-1.551656750227386,-0.0891186420703765,-0.6361430069450644,-1.2461981927210333,-1.5912032324208754
1.7517481018707666,-0.6065708901198883,0.25183151300219,-1.640031457780767,-0.2931251843583392,-2.937308400996512,-2.4236109512687545,-1.5745238034313414,1.7432440492488916,-2.1639923588422025,-2.4160488913301665,-2.486930245564264
1.7896960175279293,0.2830484515632193,-0.8655985536518831,-1.719805613037579,-0.8226996031514839,-3.039215822552518,-2.80501405016675,-0.9115200402417182,2.352535482307154,-2.600360652137359,-2.7657275771921426,-2.7918336219547872
1.7343816640974068,-0.4958163809336962,0.3378140678168197,-1.5475156571041977,-0.406095254911537,-2.7876813978454664,-2.5801707223867254,-0.2530751388851777,2.4661739694098874,-2.3923245056234954,-2.481973139893048,-2.486081182976956
1.2751831681725307,-1.0029422950706477,0.8953650632114916,-1.392418124859332,-0.7998373906511212,-2.846859591442291,-2.403456639752924,0.7273040373655137,2.5896052261440508,-2.285307165199189,-2.33472963457122,-2.2625161908087223
1.2159629727589865,-0.5567463854262605,1.195652193235351,-0.7019556975283691,-0.2733305930488318,-2.175053784671508,-2.2939341125168635,0.918008772977432,2.81690442011261,-2.192522512611631,-2.265685890252413,-2.1349380565912965
0.9730457072996792,0.5155694334769128,1.4822394285739675,-0.0215089597123723,-0.2457780432186316,-0.4558774071509423,-1.1096737235804763,2.261282297010274,2.3593030548317224,-1.1624041842390591,-0.8798326455367467,-0.299973788626885
-0.3536232238222699,-0.7035130689079776,2.6241371571733563,-0.1817508690615437,0.7454159228885437,-0.9655811329881784,-0.2570044665339663,1.6036837219274196,1.4646772431754214,-0.0874500118761517,0.2541464790485773,0.326774128505451
2.029698125860232,0.2779297013178338,1.2120961524010283,0.6074873722312589,0.6296522615858958,-1.3829925311323328,-0.4995111606900248,1.3572320985244437,1.6934850172296176,-0.6735287500171747,-0.6469868832732828,-0.4331267689231876
2.070296792888908,0.4070656583676033,0.4276861172913003,0.0324715968483357,0.5343490808161419,-1.1768585736788628,-1.3231188320115463,2.254732508530026,1.1305369185664584,-1.369764138348022,-0.9865561195443352,-0.8401890166176604
0.6235648897973058,-0.4479043637584057,1.2760263911654977,-0.8814368494898042,0.629209871020612,-1.4266796019679842,-0.8154882475188128,1.349371504844784,0.8080964811274589,-0.7906041554356289,-0.6246525771478566,-0.4961493573326094
0.9866134041555306,-1.05229940451974,2.783587003217938,-1.1496793699286074,-0.9568236839664904,-0.4516848100472149,-0.7416811291459174,-0.8509219019577958,0.3090032539800837,0.0967662886030785,-0.3118549614996775,-0.5271980083093475
0.6971560400580696,-1.524587853920833,2.6574008925518102,-0.3326892963541158,-0.912556132071578,-0.3716163360839229,-0.5070152298207031,0.0649500267531855,1.0112030806985497,-0.5886225396329029,-0.2877998849724774,-0.0410026649308398
1.2853229615502224,-1.073983583314906,0.8555745619731588,0.5995145881274413,0.5390080969889418,-0.8799175687850437,0.1213439391349383,1.370858069239589,1.1597247048112609,-0.8724747836593528,-0.5374595309198188,-0.0525092890853464
0.2352585972821997,-0.2208722725101888,2.106582815300719,0.0062793641305018,1.2726029998743142,-0.5161573788240438,0.9362379036597568,0.1843062793557646,0.071295755666369,0.4017510691693002,1.2016549403840118,1.7726990946049603
0.7040038144344748,0.7896724306907774,1.0965596326671194,0.9292102453025866,0.4840280444953039,0.1946544420645163,0.9041243899544268,0.7381643221103494,0.4103665038770593,0.1284269704184797,0.3962168584098025,0.7996539040353244
1.0804573659052987,0.8245900591459019,0.1915042514164889,0.8823851448105035,-0.0641833413423138,0.2495162297840424,1.2564395652663944,-0.5497001383881079,-1.0698169609098298,-0.0309829353210909,0.0553435258933171,0.6027658204311139
-0.3108035484474639,-0.6682849401236346,0.8224613431310019,-0.6188618209784399,0.759506846015415,-0.7968534700401357,0.5723137607785768,-0.4824646362765628,-0.8980934129008894,-0.0788023943551443,0.3418663875056415,0.835993898408853
0.9103072418839456,0.7668635999661733,0.0960723994905296,0.7330175133562411,-0.3694062357127717,-0.4005797385432022,0.5202618062876503,-0.0850378223520171,-0.8095679857007113,-0.5733690027277322,-0.365585318417002,-0.3856070168457428
-0.5125116708046551,-0.8778673705395313,1.0606060567047892,0.3271150361205032,1.469677120976728,-0.7336641421987474,0.8716202961962384,0.2542945194695938,0.0987660015002907,0.4932028633587496,0.3529562048654883,0.4319858091120836
-0.3406345421018626,0.1686670525342573,0.82352962889778,0.3581878078085024,0.1252209906526599,0.721550279951638,0.4061678242175122,1.2914055707517054,1.2174062642749446,0.4853741153566486,0.7667830197872477,0.5978300599360564
0.916092707566768,0.6316482152360293,0.2282120204526762,0.7795108723830005,-0.6821158127146146,0.4157103069423478,0.741629669709217,0.8918783609957753,0.6429941861393251,0.7427260226005434,0.7640254612422972,0.764469120454743
0.0635180224379396,-0.2808569029004341,0.6884760911803609,0.6715431244322767,0.1732709700076801,-0.2332134783194486,0.8032481155783651,0.9849700135844308,0.8865469004288532,0.8055956959037329,1.0037265540426974,0.9396880398457048
-0.0908273312216046,-0.4788211003620516,0.4771386308250818,-0.0408654521987874,0.4844548575935547,-0.3259030466625466,0.3968403228623486,0.5410491652376606,0.4349023227001534,0.5206059609104448,0.8766295094475272,0.870602425687981
1.154196449512806,0.5406920708924878,0.6105770139320705,0.4990966539122472,0.2877589887356072,0.5141822850494779,0.7069068491512274,0.9528929530149274,0.8455003793460288,1.0643597036503294,1.3648467408631757,1.3341217945125068
1.177252631391682,-0.0827412453519245,0.3492453387940561,-0.1449514103283871,-0.2794922411368545,0.0156278555447175,-0.0775338388845883,0.2532304319154739,0.4611292073227852,0.7213969821716776,1.0734739716367936,0.9609251081967934
0.9719084278602352,0.1095983337553965,0.1956673142379433,0.7886528378136695,-0.3941546515079079,0.7720188563511335,0.8129937588099868,0.1284077826300048,0.0991853404335281,0.944946501174871,1.156156244652261,1.0939219789264816
1.486728523397332,-0.4927205310367525,0.7319142855609785,-0.2071946100982401,-0.1211136642131265,-0.1652670633723771,0.2936419648479856,-0.2224247089745165,-0.0891890834469856,0.9331732113822268,0.9823100737523448,0.9096367555445593
2.59572123267537,-1.6887306135184343,0.7151783269621049,-2.6817861190178918,0.0063255935844781,-2.3992622729564883,-2.2580753640382016,-1.9655797462519944,-1.12431353007676,-0.097843641871234,-1.2343125726140127,-1.947925830354052
2.1116746201692096,-0.3944425286305604,0.6155538184973466,-1.4632474676016247,-0.2783858610392857,-0.8176127911263196,-0.9127272678186064,-0.3599679128837273,0.6981980056378487,-0.8687715841847526,-1.0088536963121997,-1.0434128358920982
0.3801850816113043,-0.7662214064698664,1.6612951178744328,-1.2675611597359382,1.0872031692292248,0.3540476372858925,0.6745877097356182,0.3056183813830402,0.4415985083262793,0.9472834717170944,1.1713968875205718,1.1782720250533405
2.7287554824422835,-0.5302571747054421,0.7764052022588127,-2.004900412014408,0.76338874605083,-1.3073436703600103,-1.3781318692616062,-0.538508150244212,0.9166650801579974,-0.7849834416699736,-1.0155888402291138,-1.283977099861417
2.0505326300113182,-0.2049519437922553,0.5618723470371417,-2.4580093434028654,0.8657041081705334,-2.361525698796161,-1.2592611693026836,-0.3901376200542307,1.1353760993112356,-1.5728839683180198,-1.772498156498712,-1.6433012348130445
0.5299659217349046,0.5090627996779866,0.9773023123893004,-0.692227897403779,0.9140233761598732,-0.7592673065384923,0.4237417506626861,-0.7139538232465312,-0.2624323214231092,0.0798869971244141,0.0792906589196827,0.2495897042140565
-0.1394023501045565,-1.5345966983078094,0.5284490518316681,-1.2739928492295134,-0.2621863401549912,-1.3962807977905596,-0.7836993105519299,-1.4780475520007428,-0.6712582337722088,-0.3654550770870544,-0.6820932113348899,-0.719734682290075
1.5719227353433949,-1.3422245459853896,1.106360215917097,-1.573438764558287,0.7864816285432038,-1.281954896212788,-0.603607997888191,0.8005443362122217,1.6030439627944033,-0.7614395482577223,-0.8238495546889607,-0.6934714640775801
0.7830698372880653,-2.004861340624592,1.451136530915487,-2.7342239740956344,0.9744461965253484,-2.1460105265533462,-1.406362611067284,0.7257860646776897,1.552484546542919,-1.7286372693537475,-1.8385641701791835,-1.58942030698785
0.2691038727484571,-1.9086377609069127,0.6413513336388516,-1.736576310388302,0.6332807190822194,-1.8750393244807,-1.3407854169557962,1.7692722245805017,-0.2169385383955683,-1.869510308222106,-1.806547495270482,-1.5976742630488348
0.3671328086332471,-0.5403251943624388,0.2627000511164036,-0.169959118676598,0.6499922779568099,-1.1377273381874125,-0.0269843664354364,0.9937548567635316,0.5399611446840696,-0.4020614167210336,-0.4632947959229489,-0.1644225028405201
0.4185111979060716,-1.1211209229069574,-0.153288696949682,-0.2399165515457318,0.2200058407053438,-0.800899281742079,-0.0869262555874414,1.0295548112668516,0.6305634105919266,-0.2321485744066427,-0.0554079343268894,0.0062603736370611
-0.4807649068408457,-0.3897198057511842,-0.224932847533915,0.5780026054700832,0.3901283555114082,0.2287227562776853,0.4628973102978205,0.0891575477742113,0.2816341789823657,0.656414737089205,0.8679760728059509,0.993210108395546
0.8418529264779764,-0.0275115177462024,0.7479809606782868,-0.0255559982509111,0.6247115449688682,-0.4804354474291337,0.6352471957579047,1.1497571547255163,1.3024829005867722,0.7639550547409534,0.8053312967563743,0.6439190003807287
-0.0292475654584181,-0.1141664244568933,0.3306943025414047,0.4161830581148801,0.3789409321372839,-0.3717215935428756,0.9036750596986316,0.5346957150362034,1.011895202680804,0.5923904226374793,0.6945947323311789,0.6738800880433858
0.1530926679635913,-0.1466362347938346,0.779722036979379,0.5460082145237305,0.8271378676539846,0.0298882660928393,0.5122768558662665,0.6413714340071206,0.9281933551151478,0.8063118709611463,0.8689620520045006,0.8125165614129167
-1.5377392979796043,-2.1300069933468837,0.5532150665389871,-0.3875252275493209,0.9043830434092835,-1.0452304350598205,-0.386620107157798,-0.5927817946915344,0.0836475801406552,0.91265994104184,0.0379519710357864,-0.5064787997181273
-0.4084870833959673,0.4920260427841526,-0.1998730244595034,0.4565474935697761,0.0819000548336722,-0.1080659098762989,0.3639387585954022,0.0080524177310353,0.4321201247045483,0.944718383095418,0.618142982670123,0.4125746445068043
-0.3180603150178069,-0.6623752793206358,1.0942995241845286,0.1081667056986658,0.1938203085918512,0.315354195318193,0.5995756682191565,0.7055448593893656,1.312267160521699,0.504861680854277,0.3455307530783972,0.427103241506391
-0.6322546783410796,-0.0340832264644258,1.0887550976711708,0.7508927801999836,0.704014482450885,0.0799640146550274,0.8148686881259354,0.6392399630524743,0.8368096154117538,1.2424538025207583,0.8483630039718862,0.9199137759521518
-1.94238318865746,-1.0645304858898188,1.6376990311647273,-0.0703900279358021,0.5822753665343094,-0.8847003202094003,0.3140417035233086,0.0553859513165322,0.3045243170539388,0.6592021581868702,0.306971865405975,0.1931651540923462
-1.22362191354717,-0.3781258865030164,1.4969121767328597,0.2806052973588938,0.9690770016120888,0.33874475286402,0.8236725148326987,0.5115080230604093,0.7405110532168881,0.3956724662151774,0.2286909937383381,0.4077683971336788
-1.5384374630504345,-1.0826215994980697,1.2084501799519622,-0.2087517216011052,0.5298564538377029,0.0440563700997608,0.7887415299754141,0.4467841913282678,0.5338303811144848,0.8912763506374528,0.7230595763376538,0.4631391113168113
-0.6163588720735814,-1.5663808978878684,1.0828483108140907,-1.0417218852294674,0.610128138796978,-0.2969998484695756,0.3581841399521776,0.5667934923545479,0.3812831977948785,1.022540122037544,0.9267283531619154,0.6710917013646475
-1.4697642598418164,-1.5379833115254815,1.755290058601762,-0.513439048412792,1.1058723954032168,0.2202321546006475,0.5473884431992457,0.3795508079751268,0.4961901024374947,0.9334810881380105,0.7263027786103669,0.7363940676302206
0.8363840783200835,-1.337920018851124,1.4787178313603762,-1.6529475266428395,0.2670885448437095,-1.0356708380983717,-0.6697939093801077,-0.4900347246372442,0.3238474740079519,-0.5287210875356406,-0.8699504078327396,-0.9552770364109084
-0.0721810357153345,-0.7894060984865877,1.5381825182596116,-0.3307607380792956,1.0737307736519637,0.2031734457542314,1.13375898717813,0.6305535244303694,0.5299740703158186,0.8836575373896312,0.8800126913829481,1.020469151460753
-0.0136509727927054,-1.026406094131344,2.0147801259746894,-0.7245504013931788,0.912979126350262,0.297403323249623,0.5159726788176845,0.4127592855324841,0.4077639550298535,1.5437486078488698,1.509392270820098,1.3026100184881455
0.8286232673601577,-0.2767879326718446,0.8986541241786946,-0.591337231600498,0.2613144337404121,0.2453393337929567,-0.1530637525602712,1.2177532911041768,0.6723067812661735,0.361149357085769,0.355143642160284,0.4711141901643506
0.8033514321884272,-0.8097707581489255,0.0591080265630616,-0.7339237564959117,-0.4509169467007845,0.5497372046092802,-0.0935102675276822,1.0461150269542423,0.8467612327112418,0.8019668827593891,0.955236048085546,1.046319739324949
0.5198408547537213,-1.1146973132633105,0.2926535257047934,-0.0732869602817449,-0.1316976982011068,1.2230108153943615,0.008443093902222,0.6250701776802455,0.3553517887452718,0.7261734110889223,1.1167162605023269,0.99810847968576
0.1200305690389181,-1.0416161050763324,0.6188769293361273,0.5567707370125081,0.3481019641936022,0.7908541910961667,0.4687567364018399,0.299757895636965,0.4769477876002613,1.2730013755553498,1.3185636692954927,1.4122671599139502
0.0357634506912251,-1.28547850124914,0.4410843281289495,-0.3850542719786958,0.8091614113324666,0.1173889667326027,-0.0985606090468116,-0.3329603349227233,0.0440576354426158,1.0485273997700248,0.9674155030530616,0.9740082462462462
-0.3696294780635799,-0.3907062271102908,0.4103354079497926,0.968410268214195,0.6065836951396224,1.4226703640460572,0.348917564733393,0.3717914438636688,0.7068277834138513,1.4179795067103882,1.221085586742186,1.1065452683019317
-1.3703296224721326,-1.6083174284764092,1.7305821393507437,-0.1596033941596741,1.4447252957568888,0.4545978626657026,0.6692207699006623,-0.094005349589082,0.3141473655162228,1.0653597865348885,1.2330711923225692,1.280689151689714
-0.1485280302681471,-0.2388046319197144,-0.3888379654047576,2.150909148852897,0.8382860030415139,1.6274724771198572,0.820419856992323,0.0585052345227464,0.2434048402029927,1.494716445002941,1.7044667860788552,1.4502626866050323
-0.0754951443113836,-0.5942378342059436,0.0117967723488487,1.9147365942130157,0.6593686308192288,0.6387947155706744,0.8224797406508505,-0.1674528159242026,0.0128965451309219,1.3896998902338378,1.463397728761262,1.239488175230815
-0.048415978659077,-0.4142577700456881,-0.84821619899727,0.9850062570322812,-0.293553659686304,0.8818396386786437,0.224284086380838,-0.1166996062742931,-0.0058474796999618,1.0474876441759955,0.6710173415042698,0.4041370187952222
-0.6881139084424129,-0.1489752133217204,-0.0835462212144833,1.3854343780749236,0.6958146557799613,0.8235923110465997,0.67593932705874,0.073533823301486,0.4461942171988837,1.482357156230832,1.3075016030058038,0.999984878130894
0.2334405566950732,0.3175152753026841,-1.1938013721694654,1.651253838117158,0.4128005039170563,0.3367861140672616,0.9361650098894464,-0.2302297441004655,0.3093578246677139,1.084806026293485,0.8303652106625978,0.743054357016718
-0.9288831281564712,-1.3040297159900929,0.4678028884361017,0.3016692216996486,1.3148307109566115,0.3282894119579234,0.5270590597052176,-0.0668056708660954,0.1752828286518082,1.60057067250221,1.1284802656254205,0.679837306196538
0.6545626156841654,-0.527137154124188,0.3189677561958057,0.8197432332670139,0.1740042507728957,0.7484171838448798,1.188698405346732,0.0884178656735377,0.5227238088951559,0.9431542038730808,0.6196492944341325,0.5202937145722693
0.0833578254430495,0.1698338243839876,-0.4828614078710427,1.0128997014519805,0.0770157590423619,1.0948449330617571,0.5399717740618255,0.4062386888346939,0.7832968617127679,1.0511102584594847,0.9350067422523876,0.9381180786979992
-0.5275305870982417,-1.2535008289282474,0.4921427447895896,-0.2682261241659969,0.4344436846375256,-0.1912905574983244,1.1483275868841811,-0.3110189437238121,0.0089471004316381,0.5669052526342295,0.3980753639024331,0.4904447945241424
0.5784345089340015,-0.2223592701715822,-0.7514666490284992,0.3516995667620101,-0.7021108214353403,-0.3987222069112905,-1.060553476747215,-1.6258928655240772,0.0289231402118076,-0.99680884850997,-0.9841942178011204,-0.8820117331529768
-0.531408315051568,-1.7368689805709838,1.0329612670921644,-0.1306004818768816,0.7979788440437207,-0.4346736045670719,0.6401615414369024,-0.1926825201664647,0.356748324493618,-0.2192214699802428,-0.2081235017694763,0.1339645518749386
0.4583775613992818,-0.0976482646122285,-0.1772417613217591,2.0282759400738573,0.2348880207952373,0.3960672149564968,1.3313729105233665,-0.7893215909486769,-0.7028854663479077,-0.1973487894544194,0.0301102531963271,0.478422430616228
-0.6860394946797072,-2.152538370717082,2.1324638061235,-0.0138104843326949,0.8719274724732192,0.1851365675909351,1.665481325414081,-1.0654685550572114,-1.484120044860982,-0.8621493411336719,-0.7454493126092481,-0.3489006468103203
0.4864842278988802,-0.5647607550476749,0.714135575841489,1.2225540873843468,0.3401190822464807,0.8882458926507013,1.596568787991418,-1.018516868819675,-1.1375494174655374,-0.0388618940961146,0.0414949256766011,0.649618734112897
0.2781673004177155,0.2843615347150182,-0.056876535212793,2.085181627005061,-0.3356856738293585,0.8968305009894166,1.574741636978073,-0.796245693413671,-0.8863646873149983,0.0920592869274066,0.0987178363940871,0.4895289517333375
0.5523995786704711,0.0477628582428954,-0.1001615437766075,1.191406466528234,-0.5749467338938017,-0.2297799850087666,0.7207650065884306,0.3190371846097729,0.1350281821046914,0.6297282278523136,0.8142320444055337,0.6795497562293914
-0.7490637860640356,-1.766454541765048,1.0550452174253455,-0.3189560290433607,0.6591491452585784,-0.6498357767949333,0.8045953810346028,-0.014510475933114,0.4855941120083533,0.5710241890434853,0.0897981119101874,-0.0223446808025103
0.1255275312265075,-0.9028687969790524,-0.8372299698789315,0.1852632149015745,0.2574093337274188,-0.4271020180150179,-0.4122014686699242,-1.1693317399553254,-0.2176235689640699,0.4357720705694775,-0.0417264526870799,-0.3223764750753616
1.359995832572694,-0.6116734789017999,-0.5088200504903602,1.001382881806422,-0.1377328268617632,0.6292347381135122,0.3462437051886177,-0.3863280924434415,0.3032072051396217,0.3624201235609834,-0.1564416227441714,-0.4917116056278384
1.8997149176971948,-0.2232435739650222,-1.392809337627178,1.335409009134542,0.3723201762022834,0.5099203830345349,1.3858144025892998,-1.803131243553968,-1.7391532852550602,-0.8479768855615619,-1.227102803776604,-1.205247190860539
1.5473216205944558,-0.7562091653151245,-0.2200601090605946,0.9733639976451472,0.1781867531789995,0.3682398430007547,-0.0153605299877029,-0.1805081343758111,-0.9403123810574772,-0.4935617686538445,-0.5793330390602135,-0.9270676522679532
0.6412479450955961,0.0272764155173012,-0.661878977198663,1.676107494022409,-0.794779273124015,1.3023942408124505,0.8582760217069461,-0.9724917862575854,-1.116911276021333,-0.5750081881664111,-0.69214909727937,-0.6015204238794768
1.042706917837679,-0.7013989206507188,0.0944309022802303,0.8966846533348837,-0.5686779432276492,1.332226954874529,-0.1055587736522001,0.4655992367929508,-0.745899145605704,-0.6093967820152727,-0.6931573181444433,-0.8963630205213471
0.9517299177354324,-0.4131803868213657,-0.1059623094592123,-0.2157554059493448,-0.5537297488719752,0.8367152409884243,0.4699447960612301,-0.7793982682537084,-1.098167014809991,-0.791314544889578,-1.036256449729177,-1.0996778073457132
1.1268086989154835,-1.1976551779380111,1.0330893925564488,-1.2035260377072954,0.2733706808398508,-0.4476897769436404,-0.1855522521287911,-1.0800133606669875,-0.763707103821244,-0.8008333089893668,-1.1395069589273044,-1.4357279331937236
0.8192458996926053,-0.5516100434993944,1.2684290894015549,0.4079496496223672,0.56778074717528,0.5820408937742593,1.1054076623942022,-0.9631433533429616,-0.4409652812977587,-0.1710311124383833,-0.6887789746710817,-0.5371668568687719
0.5231589796397272,-0.4505208045795592,-0.1159495217429101,1.0450464861339663,0.1195232471316465,1.324514608347676,1.2330011355391697,-0.5363644375743408,-0.7007570967002927,-0.3085590393608478,-0.5871198669153157,-0.4548562569566222
0.540993315193057,-0.3310023485147281,-0.4160517434262681,0.7747657253983703,-0.446941368147922,0.9293986088921352,0.7838790440434533,-0.7561053446105043,-0.6237119592242057,-0.2184639691837979,-0.6871057483821525,-0.8879652894767887
0.9617365041628888,-0.9938757855727264,0.8551853323430214,-0.3906047213704003,-0.3185679372511083,0.5971609652412955,1.279400377603077,-0.4797538026071623,-0.8768990682380224,-0.3346054129001434,-0.499801124663622,-0.4684271892197801
0.973348267809761,-0.0278743640544601,0.1069313414310235,0.48373308463784,-0.3938876499235788,1.3801747526418522,1.2614351457938977,-0.4478380030939803,-0.967686183664364,-0.4879739088507194,-0.659721155591969,-0.5573456565405024
-0.3986826502296714,1.108538105029544,-0.245782707866578,0.9833114728213068,-0.794236151438069,0.8646732221996459,1.340860342986525,-0.1969718288470098,-0.5471192539455354,0.0463499201282944,-0.0718479947715812,-0.0905774741796551
-0.5728055543999946,0.6594590904166858,0.2207917736089036,0.9829086142793536,-1.0885739107809438,1.1677116966838612,1.647402945065912,0.2061582118664976,-0.1635624126015492,-0.003594715035447,-0.0857351608137376,0.2108957317582697
-0.4138816301896574,0.6164367025621341,-0.3959218387844443,0.8853455227116895,-0.5794688535765932,1.0719995141465726,1.214098439072016,0.4449728883102594,-0.2418095447087022,0.2651843789367048,-0.2056393728863749,-0.248725716097395
-0.4813064366033591,0.4799404145853383,-0.5459195198956656,1.0053131888168496,1.4982962048836412,0.920234559491974,1.224893970189454,-0.3343238736646398,-1.0699287688666623,-0.6305398566184971,-0.6683582680746288,-0.288177879954492
-0.1785946462666802,0.9432844235953672,-1.044660331559122,1.2197975231459193,0.6680013258537897,1.0873964052301226,1.6671937850330187,-0.7651484408973201,-1.6737638318032126,-0.0635484441925833,-0.418429069453181,0.0798427142247218
0.3089662199517116,0.6405410247570569,0.0202117563543847,1.6954919771949606,0.5297680944553399,0.6375383265380639,1.5194051109562865,-0.4632733934863303,-0.880653971820026,0.0451742028528522,-0.1495197712596509,0.3933064839736582
-0.116028211937431,-0.2456645295662544,1.1221903729274274,1.0633360151325324,0.8887161558382671,0.4792775115615534,1.1419731359220824,0.0200121026700611,-0.1666580510850195,0.7894860963145279,0.5125162880897293,0.5887888105668984
-1.1825540099752052,-0.3933954660279768,1.3517302306170464,0.9968301448716804,1.0617658779483727,0.2253096144091856,1.0990992686899614,0.0538632702766987,-0.2476646886637691,0.1288482863279044,0.1611134649682021,0.6827120349565645
-0.7510772860957293,-0.6657917840946443,1.1054565872552466,0.9982296791785163,0.6561340505266822,0.1444129817593501,1.374710251578656,0.0671690730552063,0.0748660461103468,0.4744732119149563,0.8536883527143841,1.4553684330726255
-0.1979150091040393,0.8094669339448104,-0.0234279356141763,2.248736804239157,-0.3276712570099506,0.9088107499564256,1.4040443729672687,0.0659340723231459,0.035271373803139,0.6638595689757046,0.7363441768638087,1.1177520079062504
0.1019411990733292,-0.2405709511577839,1.1205956432764057,0.7495127357042353,0.3592755198226849,0.3803882038808275,1.452112918636845,-0.05948936267872,-0.1751913856339866,0.4904476763375288,0.4515484112648383,0.900313738044055
-0.1264444599404849,0.1967619690110116,1.0837675580759265,1.170826262711605,0.787648775009885,0.2952880733547934,1.3305431545707764,-0.2731341309507388,-0.4226427228242386,0.2429531976247844,0.7851762658462855,1.700351368688574
-0.0057288408528466,0.4794747356024108,0.95780134317908,1.7045406403385075,0.1861631761763754,-0.043211014006286,1.4280572491232095,-0.2829505740550949,-0.6192819530529539,0.4972697293368258,0.7017541003279328,1.2754831867349112
-0.1649727294964117,1.0435455662894202,-0.5738713429469808,0.8773901550348014,1.260552998009372,0.4609367118611958,1.0208458116559085,0.3759493895231522,0.1212755670338074,0.599343891486896,0.7547125285804991,0.9738717949213536
2.7197536378856952,0.9414443051081612,-0.2282851108866509,-3.020052161445873,0.1316489754331263,-1.8452627143943672,-1.3745769380005646,1.318857146307194,-0.3434933265072959,-2.2454785543785865,-1.7745656112254715,-1.6274031136401708
2.413681551618464,1.0645125622652098,0.3634402416220473,-2.241997313708676,0.328549488514993,-3.466865327458713,-1.6262376028197785,1.406817166040826,-0.6963604201736776,-2.7943376789184056,-2.4771202225121893,-2.4080790143755046
2.4263502689056438,0.9945548786936016,-0.5322053302206058,-2.3929470668622126,-0.238617062626615,-2.053478969407536,0.2847235389799381,-1.3011747775043805,-2.6068545353657018,-2.360961059186077,-2.2040877988673566,-2.084885956797147
1.6773764525950563,0.8874161036497283,-1.9771622256191763,-1.454114365888232,0.3100739952141555,-0.4950899859066926,0.3000769253474422,-1.705694252895856,-2.843285342823489,-2.3974087596393496,-2.269598893170664,-2.1327250589386413
0.9512258733458494,0.8199613015895544,-1.124359841266183,-1.0521441653778718,-0.4402142770035095,-1.1336743509769849,-1.2055805286303405,1.0533611806966785,-0.5160316779564107,-2.2527515745050635,-1.903959362954184,-1.6520853852169384
0.6735643528516155,0.7830711164598188,-0.3157597714439258,-1.55662465572675,-0.3451806149087945,-0.8838830872970995,-0.9606367890191224,1.0279247798012043,-0.8890984273166272,-2.1431343285239466,-1.6755963167551533,-1.5094104922685931
0.7695657316898653,1.7595147026655915,-1.3729728332393114,-0.2780547944298872,0.2055979184989633,-2.0500280248601914,0.9283907623563732,-1.7577243676107093,-2.513540631029079,-1.6230046511300344,-1.1644488453876372,-0.5205163261303881
1.0684446426444023,1.3622007125376254,-1.6834010672890949,-0.221067623501263,0.0396051421786559,-1.2350824246472591,1.407774285542613,-2.110588748524879,-2.881190958565057,-2.0383233693065246,-1.8152152155511108,-1.1243876390064638
0.184072320545645,2.046037427004596,-0.4439928893555599,0.5493090421037055,-0.358060425593052,0.6551169722292259,1.090795906674883,-0.607309885651677,-1.1395002653888793,-0.4042363903662537,-0.07361508497428,0.5175434880098143
-0.5785575509998431,2.069021888500403,1.2494126497535842,0.7176294781487662,0.1400202967182464,0.3318951674757749,1.1622180206674422,-0.808093554992474,-1.7773351115622904,-1.1141379939660772,-0.5896529682751662,0.3841862161818928
-0.8281244538643504,1.9723829159296988,0.8756308738896292,1.1168009210530778,-0.2568343404144683,0.7591163420288164,0.7949933494101601,-0.9770344042762346,-1.2795471773063116,-0.3306660368269789,0.5840789521553276,1.5234738333342983
-0.8667591551041334,1.6765869440799277,-0.6452329910009749,-0.5248379961689524,-1.079077734902292,0.8309212304023128,0.4722520108210104,-0.8834794498498563,-1.157555241183468,-0.2558309090446493,0.0695210579121986,0.3679346321137464
-0.4810353370312714,0.0014601223685571,-0.0549850080417151,-1.4349955868955635,0.3095132538932422,-0.2007164754555095,0.3966201909291221,-0.153540106571686,-0.6116147165036381,0.1306151683001902,0.2286803830350424,0.2640096027005931
0.063287755147081,0.6488920676972094,-0.6257998347517066,0.2775899747775134,0.3949657289325091,0.2151192922833499,1.405133064999469,-1.123315367844453,-1.4696162126932388,-0.1065175012365259,-0.2539476604196225,0.4298245588898433
0.3396085041773912,0.933546069188878,-0.6089474536084526,0.3921969061414516,0.0784350182643634,0.5868901374105123,1.189504951342606,-1.0283399036168444,-1.1174639335331191,0.1321334759522024,0.4511137805336895,1.096452110272796
-0.4650043156685621,0.8049171244224248,-0.8632509104168333,0.3512403121709521,0.2860334993080286,-0.2067580035816759,0.621796300529949,0.3410049425799366,0.1071868189510499,0.4860663214854239,0.599764020250137,0.7814052738816729
0.2096105696178468,0.2055136160147943,-1.2737680746491529,-0.5480831206442132,0.4212405940200543,-0.3061473466968563,0.0392974674557198,0.4342128914632235,0.1977706471831502,-0.1670092915158513,-0.1026180140690364,0.1491576745358669
0.6037679272184022,0.2413837696622703,-1.5245786124642535,-0.4935685639935407,-0.4489248356270972,-0.1032770705205279,0.4266560508528141,-1.4814778218571765,-1.8874668945643616,-0.930825487399463,-0.8717376991820978,-0.8420671496135345
0.4238341208621969,0.701693142106036,-1.822357721821013,-0.0364957950852213,-0.2203947506573426,0.2678069259338677,0.9001210350765243,-1.1838586538274656,-1.65486994176169,-0.8854622236647386,-0.6403807002118079,-0.2282634137435782
-0.7764937077059059,0.2378414057036867,-2.08772708907986,-0.6465844185434974,-0.1719132089763176,0.2747981213571502,1.3031775276361228,-1.582666662813963,-2.0011940243390023,-1.4017893131816797,-1.2411656585790976,-0.575175103598615
0.0275012728683541,0.3502400935101905,-0.9278992076975672,0.3645692695708434,-0.3600161575821438,0.6291433316360937,1.1729961443173436,-0.6919540484827037,-1.6597296876063496,-1.477468519183725,-1.232952974228264,-0.514840683380722
1.276815120658325,0.1689711168824465,-1.4410229851337508,-0.8001934683011362,-1.7696082315058084,-0.3597253434419639,0.6331503212308612,-1.059152300836628,-0.9243120242074764,-1.260014133430267,-1.304924558474718,-1.0522623210405384
0.3516192192933077,0.1557117087656697,-1.4196682116422472,0.1748859271894045,-0.8913800853929909,0.2195264045884583,0.0011109235134702,0.1954170484274993,-0.0711215794881004,-0.6201613105181616,-0.2923271863959505,-0.3857411554363152
-0.1298388943356707,0.2002933202909448,-1.7815831164226017,-0.5479480396663016,-1.0005460245152449,-0.4452998075811216,-0.1915792251078526,0.863567982033776,-0.478627070596465,-1.6028585599809413,-1.4250713883592503,-1.4131194133907476
0.1960529134868865,0.4902740257261483,-0.7870385840589899,-0.1114258251811477,-0.6400780232501991,-0.0187983840324339,1.456386089261569,-0.9529975610155492,-1.5721230712480516,-1.0891390212825314,-0.8034945528321462,-0.0647488572915013
-0.8678241413243544,-0.7730060746492627,0.2765892661760422,0.0066938336237411,-0.7871968460611096,0.0719229448335643,0.1657565539662022,1.2843971887857435,1.3401217609810117,-0.8025561790495839,-0.6229416012414328,0.0928021209880431
-0.4040122670023926,0.0434350185551233,0.0124150306584287,1.05988051309435,-0.7319173547575828,0.742989199196789,-0.4145677962882151,1.68840015796179,1.272187435513813,-0.1494448192840469,0.3269216200176902,0.2615426860923645
-1.3686729028649378,-0.7536226160503077,-0.1538175233322288,-1.1419629597759604,-0.8711981470678681,-1.0007783271981718,-1.5874751618265182,-1.0195195123800729,-0.5227342458549138,-0.4360249753439569,-1.152384883844455,-1.3534109732621933
-1.5941193070120074,-1.28453069577621,-1.5824207297785953,-0.1744813768642132,0.1497867511483777,0.0487153002496605,-1.2624197180216878,0.3831315096782602,1.4976797372582082,-1.0201465264844551,-1.0729333659305265,-1.1111879006017005
-0.8634570953779548,-1.168102940823499,-1.2459440240994106,-1.1601579424569093,1.6956236735405914,0.0896837034299545,-1.839823058957864,2.2321178229937733,1.8390863971590063,-1.6507401109378896,-1.4915805009283083,-1.4318677868854257
-0.306297271115894,-1.3912468413991523,-0.8701523903153379,-1.141058342267705,2.3604545315221257,0.7089115843245392,-1.92371236493476,2.7417281860698086,1.4095783766004364,-2.1735817899557346,-2.060693020088046,-2.1107103336723805
-0.4848467962003099,-0.7046263506042637,-1.3880341051029172,-0.7743657365183272,2.5893524916737047,0.3744729847054042,-1.5997978355647415,1.6763020474736885,-0.0292359077778845,-2.027140211067248,-1.945995296475797,-2.030057289720314
-0.2322864185546409,-0.6667606137722706,-1.6207399500742632,-2.163807833005383,-0.1872297534365906,-0.4332850061655917,-1.6088725659850471,0.635674328075771,0.3372975220920581,-1.7417832968826663,-1.7540501224813103,-1.9322513698627288
0.3429982529009607,0.37540091774654,-2.209328920048664,-0.5078646514340598,0.615610908523707,0.0624857760791038,-1.0059585813736134,1.7082260866028869,0.0394160687610778,-1.9257057713573829,-1.7727247562296695,-1.8782617435244844
-0.5599474021031833,-0.0167043614234289,-1.2984237554188651,-0.2043223510237808,1.2331241655621634,0.5356904091987574,-1.217287775860021,1.1776098818722038,0.03789708793527,-0.9945210555971938,-0.5341291984488896,-0.3891861659341349
-1.6577674621029646,-0.1191452993812397,-1.417220768200513,0.2815756411449668,2.234939850779547,0.70246452746103,-0.9962794854397624,1.3845108775611878,-0.0427942181119471,-1.2907381673705225,-1.2001944683228067,-1.180652417732219
-1.5884302322881494,0.085253305869974,-1.516262634499301,0.4626625254677787,2.086828344383498,1.803014116682769,-1.2867513684268974,2.2622597508874214,1.003668689966866,-1.139926494893817,-1.0142204676079478,-1.0056108079724737
-1.6385950326123488,0.1027829158888596,-0.6089921033914609,0.1285715012155047,1.228948644520858,0.6928358451351737,-1.404657223232033,2.2405288230233293,1.417974137722603,-1.290336894444528,-1.207757043044795,-1.038247536515759
-2.0240966159742646,0.1981281132508529,-1.4078446667314866,-0.3852547682268011,0.2383372424361255,0.8589752184169497,-1.2029957010289043,2.147408449487417,1.2738246065688308,-1.5028385970037723,-1.1539215993544465,-0.811050106005839
-1.624342558318857,-0.2903857303689673,-0.6351370220817871,-0.4777229329023344,0.94038321828914,0.6104274053528085,-1.3953250073544117,1.595153600592026,0.0261740354803813,-1.9384940213006376,-1.6162235143083796,-1.4874566690060982
-1.955183104749896,-0.9958730850188512,-0.8226525216521523,-1.2955657375465208,1.0313048179301452,0.8309580330102887,-1.388820416984807,2.115057362830968,0.6052995399568984,-1.738968704111588,-1.3221612378745295,-1.1497274980416126
-1.2155344443374214,-1.2109358963030854,-1.5557136297294831,-1.041976082127272,1.5287384698330324,-0.535660610898878,-1.4904932643284663,2.5169260360411623,1.2419690304702986,-1.7586156836475295,-1.1768003161797342,-0.7264049935252929
-0.5375097288776612,0.6317806534234344,-3.200581280961177,0.4136101957128758,1.4269983757346345,-0.121888789419273,-1.6788600145281103,2.498425508490706,0.8849919897733655,-2.243605155313948,-1.6642181739384456,-1.448186632976718
-1.5741168442636455,-0.5121200080773808,-1.9323386084754728,-1.197720821237143,1.2852373942143849,-0.2304578330437131,-0.8732454994949425,1.492051049961027,0.2262265995286839,-1.023621401250907,-0.4368631259095097,-0.4771461976069879
-1.870958826828409,0.0650118594888991,-0.5661448127102799,-0.4006953637226881,0.1186927021820295,0.8503490071300878,0.1761477241189823,1.279821612303028,0.7492987331391154,0.5757324304913282,0.5999080809525741,0.5283647718940974
-1.3428260688477205,0.1383595888013949,-0.3299250474643182,-0.988890812846107,0.2399222022144634,0.9968023853857364,0.8337855281604627,0.703787231584264,0.679456817372466,1.167165331381255,0.9433777709447104,0.5447994474292608
-0.9183992726058104,1.043407407229989,-0.4181714609903488,0.3310480385303365,-0.7609170892689778,1.7030266311808937,0.2989157022005046,0.7803577478072062,0.8900311483859661,1.2553267702290272,1.2221993024842563,0.760176300100705
-1.1678577356414832,0.2492411013465673,-1.1041340190075013,0.1438996156208055,-0.488282920823603,0.8795980798330709,-0.4279646558356917,0.4693645058948519,0.9091009054885528,0.6490161900304205,0.506704479411523,0.1123986897946596
0.0421962084387572,0.923631511923982,-0.4621273193077609,1.035181946324138,-0.7536044183424989,0.9096702108611662,-0.4670748835241156,1.43493921092245,2.013370181913096,0.0725512651889576,0.0810640747339612,-0.1918110590276593
-0.5410728474510341,0.2956995879618171,-0.0945846888141282,0.1349117026330961,-0.5350401128917105,0.9817203166117192,0.3447818405710958,0.6305342201871309,0.584089121422859,0.6435037497010273,0.804650579329561,0.825055050529959
-1.1515181293337555,0.6382129158860208,-0.2271813964877033,0.0026011806337206,-0.8745360943024804,0.6049563176502677,-0.2801172315560225,-0.2688269305325581,0.1366634621160419,0.6833739962037034,0.3302750103630888,-0.1319684803085318
-0.9176696465969852,0.7423413680697412,-0.9358124552086662,-0.3054261607185324,-1.50255649533158,-0.0714717166695263,-0.7668487006484697,-1.0956869936710123,-0.0377716061314359,0.1064811433345708,-0.4047082057799857,-0.8642690136318725
-0.8066781348765061,1.415525818824046,0.3796803427616479,0.5120088610963255,-0.4496229721069331,0.744796927299429,0.439874483858038,0.5319413291107161,0.854729145203668,1.3222190909695293,1.0421038354471748,0.6147130204736214
0.1442340710821302,1.3498948307658043,0.3718103111225415,0.2620808539351952,-0.0900207550614392,0.6562454521977029,0.0104551070250232,0.7190093336305893,0.5820661774596994,0.995156860840584,0.7673172278877864,0.6790999294041097
-0.7703668573767527,1.1330706344956245,-0.9057234429390496,-0.7970166290938262,-1.5092449277620748,0.9714591894683646,-1.3518195754407192,-1.0939404304931324,-0.2574754232100388,0.3010361105759713,0.4881108543017866,0.423521972411539
-0.7893953698105818,1.969333691139768,-0.5485019715745592,0.606956378548325,-0.4114793594316769,1.1194330754731028,0.1092943450436994,-0.073065424862566,0.3973064835493464,0.9000464989746881,1.5022369838630731,1.564442379994016
-0.7833120292892943,1.287466958954998,-0.4429520905599419,0.3020662747659584,-0.7054033660526244,0.8678226453800143,-0.7405661445846247,-0.6281930747364805,0.0208937688001922,0.5640116243872537,0.3845438604726678,0.0174285676693764
-1.3019656735901908,1.7095291554244274,-1.0683601893060168,-0.3981826294612738,-2.279970504281194,1.0143214268531116,-1.557576929693039,-1.8623272346094972,-1.2281873768226164,-0.2760989111238853,-0.9461166887647456,-1.1819758799469615
0.1075773926460889,0.5625194860210083,-0.0832771753876212,0.0001046187687408,-1.398034161138064,0.6717575514453513,-0.9628741925809682,-0.9903691634196002,0.4133297693038142,-0.3650639289671222,-0.6362551771496647,-0.9406063989784882
-0.3586643370997585,0.7854867546728548,-0.3106764907131795,1.3914496801949132,-1.0558143076412725,1.781988226706477,-0.1227497358115632,0.2055644886781148,0.9434597506417544,0.8499840854547076,0.3405792275750844,0.0084717331029061
-0.3904030684836554,1.1339596580084852,-0.5283066805904246,0.631536555083099,-0.18641896527443,1.334973349494727,0.0925313164612839,0.2230701414489892,0.6394465882193556,1.08540524950944,0.8244534165110287,0.689555801265799
-1.4090279149695657,1.226228742482025,-0.9986583484029828,0.085336465393476,-0.575310239786092,0.7507961524278407,-0.2078708014444784,-0.7928389653172846,-0.5129807153795819,1.3240126280434903,0.9596329602896744,0.5582834594275508
-2.39529351327325,2.1846055287856574,0.462483850674224,0.4966873815203309,0.351362024093049,1.6973544292266154,0.3304620225885923,0.426131005239123,0.8286762365984335,0.757741316620198,0.5488318282230672,0.7083363603130998
-2.1539787475067214,2.9956873090759597,0.5658938545767661,-0.0265798353482677,-0.3462567899178479,1.2207084522399587,0.0413551751808053,0.5632542241490971,0.8813191102104333,1.1014350904223145,1.313706823913895,0.9814116942609724
-1.6614985954728652,2.9853216610518025,0.1735397730098884,-0.8734208353262867,-1.7985405269830967,0.6517783356404602,0.0638013792584295,-0.7687074841812104,-0.2534129886516302,0.326544836250469,1.0373453431230482,1.4667077694446369
-1.4710133260183924,2.2917860661953218,-0.4763991018263568,-0.0897624854802355,-2.181557956608628,0.2343549553972073,-0.2070751351158147,0.4177689720704643,0.7851278647436903,0.6456836824349316,1.1355649505951315,0.8984153686228791
-1.460133196525324,2.662219108890479,0.2496403204890249,0.4984599176372408,-1.389907852512772,0.1133387797206079,0.3059247464731036,0.7974170488075915,0.6549654380755549,0.6046637538724031,0.5869952631457399,0.3356064608743497
-0.7928861951647316,0.6330852982889947,-0.5368661145856535,0.5026670214327984,-0.6215599293764084,0.1353929425643118,-0.1369346459206561,-0.0912829804572586,0.3090254737431752,0.68479270882465,0.5084985044764339,0.4983905787369589
-0.8950371833085567,1.0791353972076156,-0.5501859566712587,0.6855915461350897,-0.5381440181826062,0.2838955660374421,0.1319704727550395,0.3553489369765124,1.1323698126410482,0.4880400387815617,0.6082999229475152,0.4245256991065121
-0.7817965492122482,0.2542048159600445,0.1734106327778081,-0.3832943835051514,-0.5821873115429751,-0.8113182700720908,-0.3134775551236797,0.0027724717877167,0.100754433916521,0.5817494580942942,0.6011348414951405,0.6044672219793517
-0.5138122793690104,-0.1753783249185455,-1.029108618007848,-0.1697088612086942,-1.605787989421562,-0.4599374948645393,-1.2599059709126943,-1.516109634226969,-0.9902068590794264,0.8213730365511257,0.8937690601017865,0.0604596878870051
-0.9874178767507164,1.1388346991055571,-0.928469595439396,0.3534094866773402,-1.244192616472275,0.1033166695149227,-0.7156549705726677,-0.9959115999874418,-0.5442212295253049,0.4502253345383055,0.630275097576781,0.3250588505512921
-0.9872411599926156,1.432138659100744,-0.5156484671075784,1.4696726590110132,-1.040435738266532,0.9383096403624624,0.3123401235715812,-0.1600767116663081,-0.00042396646197,0.8211750862611655,1.240132207261852,1.145290120912763
-1.301532583656512,1.9920332532086733,0.1424408903022516,1.2060843676614994,-1.274217994209421,-0.2971441586959592,-0.3568442712804378,0.8363216906258966,1.405836001182729,0.1121576468479181,0.1005538961682076,0.096058836366625
-0.8487889350739306,1.2030283180672317,0.8045923631980392,1.1659689456440123,-0.8465475653644642,-0.120725506984558,-0.6326967827812061,1.2672583166363998,1.8418832507430336,-0.1841307518252391,0.0379946179009555,0.0582321392809186
-0.2791009636731797,1.0107932878961885,0.0951976255303467,0.9243999940553868,-1.040696755823891,0.7907619845620533,-0.3829667149085011,1.026362077769291,1.151628674110371,-0.2238522256674023,-0.2583904843207034,-0.3425706929758939
-0.3367768955983217,0.2490211338171623,0.5605803297891151,-0.578906153210348,-1.1886070849322812,0.7786769281679824,-0.090940852788128,-0.7862559829553697,-0.3500899959604269,0.5038421748723734,0.7404256246968781,0.6862913767728164
0.3114335607485278,-0.3477037192860299,1.0500917387317634,-1.4469823390605954,-1.433638931640594,-0.5297854945652979,0.0517920399358695,-0.5695328941396184,-1.071715332371402,-0.245514558181556,-0.038260017541185,0.2463198833409934
0.9235951372061372,0.3121781307677009,0.5861333948139569,-0.652913216348218,-1.1334839382064157,-0.8037749105203119,-0.4514317353532376,1.029407439848958,-0.3785561126656728,-1.064693813502006,-0.6185924372021351,-0.1707771258410295
0.6621627750458179,0.5634734414313666,-0.2104914664324299,-0.1671880407490625,-1.4002571796651502,-0.2613173198669005,0.414212612808554,-0.058858914344664,-0.946480256359034,-0.9195162856561404,-0.1443792936168806,0.4389471394159289
0.8981218181549055,-0.2424056348165659,-0.5415595480015175,-0.049165416322781,-1.4045603599484826,-0.4871947264179163,0.1577190184866342,-1.185022323026584,-1.9660189574628768,0.5468387135327718,0.6164664915494101,-0.1470392207783488
-0.8368431499789817,0.5766157146934083,-1.30009168071219,-0.8155097644167348,-0.2046895293976832,0.3863290248704948,-0.4121013757315873,-0.5956682498908852,-1.5377594984856813,0.3605315372872502,0.0778853528889679,-0.6445787187253684
0.7201352430461062,0.8979982866800741,-0.3367371395561283,-0.539069705031357,-2.22711197931754,-0.78197286554266,-1.0931014518298192,0.6729098591067508,-0.9519352081979962,-0.6401245352720409,-1.5318011879784186,-1.711197525346598
-0.4248360610469273,-1.1774680798411843,0.7598288048657192,-2.8310254079927564,-0.7897580096042797,-0.9976352232156064,-0.5648645963125489,-1.258741932107847,-1.2695861047884869,-0.0457746570925854,-0.0645410971886205,-0.1050029617741323
-0.1053790191168806,-0.5621128494303776,0.7713278336534842,-1.6349627332809362,0.4066291199121379,-0.1730876175672459,-0.8650260922451717,-1.1088421291852195,-0.5660481282949041,1.010521357355053,0.5543681667195595,-0.1075799259904311
0.38363038901261,0.2332419676164738,-0.5447393008289941,0.2669960184208036,-1.122556155113602,1.3343425047906192,-0.407788675649332,-0.503240945770753,-0.270892850790883,1.4545527857531424,1.450791397038083,1.0016377122584073
-0.0542489704397216,-0.4670356749228089,-1.2677488250481124,-0.3098341754390267,-0.4989406628263251,1.2538045975614611,-0.4706046102227861,-0.3963418154969906,-0.5243265046228319,1.005182485129592,0.6015396806362668,0.2670003536323503
-0.421868692150485,0.3745741087169627,-1.471051640779696,0.2460861465230087,-0.6558233279921023,0.8535186317420081,-0.7605695007179105,-0.6811516764675835,-0.2882909252915224,1.1009218247435448,0.8996155576176901,0.3430896982231234
-0.9988669806543368,-0.926138229412661,-0.160050094772049,-1.982245456901824,-0.9309913044287842,-0.502985145388382,-2.390886362921767,-2.715076171271527,-2.238640085865705,0.6364271301492972,-0.6190427799362406,-1.6443255833890396
0.0565792121558461,-0.3014466073661,-1.09908718167672,-1.0175919440646626,-2.311864038247649,0.0523790598779089,-1.4316681730156229,-1.1872248900965718,-1.1370331625443484,0.5203435424675956,-0.3020539364862795,-0.6704900158654702
-0.4456732427246502,-0.4402797285437719,-1.598976092800099,-0.1206623369294344,-1.9464140020841156,1.2310189828842373,-0.8849402351073316,-1.2239535670337425,-0.9102840259025328,0.8816908454691287,1.122601527895657,0.3735094781926231
-0.3713357319135757,-0.3864703504403388,-0.8879753306746158,-0.2266898119848435,-1.460026210949076,0.8244779738081056,-0.9140097992549412,-1.4252963531756528,-1.0433099654439697,0.785502708329295,1.4892588694205735,0.5837836680422345
-0.6674728555909142,-0.1605934462759994,-1.2906485163279735,0.5730372650878445,-1.2261647378872509,1.1943423838378666,0.0148135017095627,-0.1426609884188128,-0.0007161327085773,-0.0372222954000453,-0.1531125145851606,-0.1112475371665715
0.0287182087252754,0.2084309747045225,-1.4298321258834037,0.9618629357191918,-1.8513253439320092,1.4432382215643884,-0.0738753694572597,0.5285960450080518,0.1274233499963985,0.455618343481898,0.5825563162324017,0.4707160144055536
-0.3687934203708973,-0.736251045121144,0.7254064583565901,-0.7493399897279392,-1.0649259860409617,-0.060464236636705,-0.0115178315289427,-0.0376308384751739,0.1625929801219812,0.2203459520876786,0.4878055925300502,0.7162154606863501
-0.8060663200397481,-2.0021356146667117,0.585031240482619,-1.7400576260592548,-0.8700184388937782,-0.3183148089305253,-0.6905742550800126,-0.3941707943854656,-0.5186845758412599,0.3110253682146318,0.3773363362071106,-0.0986757061297458
-1.2206465120708152,-1.5384196352838249,-0.795979923708092,-0.997389821849295,-2.5436803038694973,0.1596090586124232,-1.570286738256171,-1.9466027334781888,-1.7670246687269204,0.8497861351647473,0.1211706967236432,-0.641417210909635
-1.079358786442604,-0.2845708930198017,-0.9240759156062972,0.0282535041167395,-2.2704720487732204,0.6152873497473588,-0.206407123549088,-0.6469099510617674,-0.4438235938009751,0.696649889867528,0.8339206124745867,0.3233774927004962
-0.7028797984687188,-0.0420828648403729,-0.3761766634981855,0.1114731314158681,-1.9943356098129457,0.4495727065636084,-0.2029481146872859,-0.0302537925468775,-0.1541114491129951,0.9088600393379064,0.7850122080491758,0.505693422808756
-0.1619036145877296,-0.1566453294689621,-0.7742038009797019,-0.1836034378069631,-2.4918077185875704,0.3805173130300037,-0.4903421398205613,-0.4244963480074795,-0.3628223929727691,0.5933648835638388,0.6524902373421176,0.1577178751664204
-0.0473282334624339,-1.3456748039043525,-0.837438482600766,-0.7769572593777561,-2.209236645927974,0.2616671908483743,-1.6605520732017998,-1.3705695298474272,-1.2245773744616235,0.8674760310145115,0.1663125055310845,-0.6778732274548942
0.9477551294414835,-0.8748423164339111,-0.1523929217081632,-0.9716714610808348,-2.1384864502312797,-0.1857635658342116,-1.7030406188868803,0.1799209202942282,1.5492929375933298,-1.2829517782509283,-1.4191402092689678,-1.390253987350368
-0.3935330971233483,-0.3935031614438688,-0.3361657811668425,-0.0522555880722751,-0.3196191313221758,0.5457042188162308,-0.5421458565713012,0.5401672909063038,0.4129250859589989,0.3271990226993354,0.4616738789366996,-0.0401627569168819
-0.806278514025801,-0.8367438831322547,-1.0088972672203391,-0.951608255604072,-1.498407569965697,1.1139064838373376,-0.3654098332752903,-0.4598833800395768,-0.7297534147737749,0.6520288364058067,0.5197674794803879,0.1512418336141001
-2.315494517502537,-1.7414916954562532,0.8860389942068242,-1.2528268107189635,-0.8586280810177257,0.06236656763153,-0.9428476264909664,-0.1901470726094136,-0.6246922289852745,0.6783202715775583,0.3133648141416046,-0.0304812655967445
0.7086379436630039,0.2351082590932001,-0.3946139354568776,1.1359529778614863,-1.1430500227176064,1.1644118628448088,0.7126132346031518,-0.4938948670321338,-0.7005644466266803,-0.0552510623098667,-0.0659990486318402,-0.1189315969454837
-0.0141516702739909,0.1185961212781037,0.1063795724722276,-0.0362391101264268,-0.9838828840176064,-0.2354885895426732,-0.4583044211301312,0.3375075787073692,0.6949061713738898,-0.2443946306538061,-0.2256434053264874,-0.4557622706265657
