MFCC_1,MFCC_3,MFCC_4,MFCC_7,MFCC_10,MFCC_11,ZCR,Chroma_1,Chroma_3,Chroma_4,Chroma_5,Chroma_6,Chroma_8,Chroma_9,Chroma_12
1.741134743930256,0.937855182002974,0.3935472782976973,-1.7343046645931737,0.6539958669623734,0.6881837391016877,0.5700705223308404,0.3724377604803181,-0.0308788862682144,0.2607277338808911,0.7567717292514187,0.5655748583975596,-0.2048552277989357,-0.1832967313617918,0.1672471114771437
2.483720072127509,-0.0999748267257601,1.1646515216521094,-1.8658356598586008,0.6891610843019772,0.2317622690566732,1.2709297463384122,-0.5153839764351392,-0.6694520594783033,0.4734845980155215,1.515726527204993,0.7198173623649551,0.3264069007679009,-0.0061263884441078,0.1474265928971865
0.8662387238461553,1.2714198681723867,0.3615930060194527,-1.3377510719260346,1.086623643983038,1.3863540571855164,0.3370925934711897,1.425207092076146,0.4340175098452399,0.3059486898874966,-0.0471214636204809,-0.325463407041299,0.2091513409684578,0.1869514392076603,0.9278811456852905
0.4518623223141377,1.4456036960640548,1.2806051596142591,-0.4070725711267259,1.8818838222251368,1.1702950168672337,0.1911604816958065,1.4262414525957816,1.092357706307001,1.300971858743803,1.0678351256087129,0.747470566673694,0.5776210844419626,0.6542459644940186,1.2011858257865842
0.9975989602933836,1.200318099924067,0.4297594873118488,-1.684854331510386,1.4102131848120611,0.8212291515630699,0.5548274760211529,1.1316216973403608,0.6223519379230402,0.7320180602186502,0.9106552688091823,1.1120803323730135,1.2221354781948237,1.1039669680079074,1.179116943991659
1.1408166468451155,2.1873921708895976,1.0556828813065575,-0.6851259635518213,0.2486799501050117,0.7145770974216947,-0.76449829536213,0.9816005795258378,0.3842777823184948,0.4796596394187921,0.1556145238810055,0.0945196629452313,0.1198536459389309,0.0518972773227182,1.050364326195284
0.0609111788142687,2.205700523104756,0.9358227319797242,-0.6619369873472876,1.3813545800666849,0.4173621846670383,-1.3844089208092931,1.136217696325209,0.0083070559128948,-0.1629037792365879,0.109697733415131,0.5738959232948655,1.133048998147242,1.0420490870022192,1.3003323606384545
0.9550601792520091,1.1968684571002035,0.5094788266650847,-1.048372605937948,0.9297872681138348,0.3350070134920892,-0.1585470912722608,0.820901379712712,-0.1598630642894025,-0.0821646103990186,0.2302550866153029,0.58970126626667,1.150192822480599,1.2667674891619958,1.1705733179570663
0.5527107221353982,1.1806238295550275,0.3674373772883071,-1.804651895189617,1.4162782481518492,0.4276201366774298,-0.2858666412379155,1.1695704282963248,0.6744719152028149,0.4872747049438813,0.1419683072522198,0.0802559933232429,0.3273400793863573,0.4658719564621351,1.023716230446334
0.7086297545168038,1.0288200634411102,-0.6259885966267562,-1.3809840936036986,1.54333253397158,0.6431381687161172,-0.2215249404991236,0.779743110065083,1.0696502389294311,0.6565691040668196,0.1852291163496031,0.1146120019109435,0.423817000814036,0.6773444154904619,0.6505284096121813
1.166662026177243,0.9315544225083884,-1.7756422254278008,-0.3712705731798287,0.7883586246016101,2.172855665950108,0.1772812868980343,0.853852739521132,0.7869764657571445,-0.08392444136675,-0.5821140815438823,-0.4969035348805942,-0.0705333308192752,0.4687361514675489,0.4507363026132217
1.298929092946094,-0.0542519743940945,-0.0373015655851931,-1.0210278817891776,0.8092363590449517,0.1024069353217227,0.138210952409519,0.0301421134156422,0.8517054270797229,0.6761197541400604,0.0196811055238017,-0.3619619681041202,-0.6427982447273345,0.0569062881228841,0.0753363514017841
3.630930515235857,0.2296036536172228,0.0732474848583746,-1.449611773129401,-0.2159038602550773,-0.7141558128650021,0.9878102177758264,-0.736757088349555,0.9395875522630852,0.6568960574344286,-0.6648207575230494,-1.3619130025209771,-0.8680531906056066,-0.6556761615513484,-0.7749693306040345
3.257812747840084,-0.2751714409606487,1.8988206238001395,-0.83218744179048,-0.872903318640381,-1.986326702097732,-0.8770561583752521,-2.1724160419235745,-1.7097618264770689,-1.5119584864094162,-0.9209779423405604,-0.1723732578087017,1.3063044402012176,-0.2646925513264241,-2.163831431909455
2.39352120725837,0.8581987108352682,1.671671982093032,-1.03110908118077,-1.0191715517856448,-0.5309176882166947,-1.4104023260952885,-2.071976974038637,-1.584877479769795,-2.0846445558905,-2.1519895231609567,-1.0751482857690378,1.430565921798242,0.2787635229675274,-2.1614195391052613
2.870365917097275,0.6758757931215114,0.9658873398332788,-0.7201478376541179,-1.200155803592622,-0.2564660852944241,-0.683549696801736,-1.545082321030416,-1.554115201121441,-2.123065819831811,-2.5313721665535547,-2.254935445527814,1.749849236724739,1.1760429517509072,-1.648999426722333
2.109802749290431,0.7639300299713432,-0.256025369726179,-0.4957300103075167,-0.8326017067254806,0.6945952915541251,0.4525386126271988,-0.9633521743824852,-1.2692388804577517,-1.3123434056880032,-1.3720055772102886,-1.4431711489074854,0.3990348595300544,1.6643181596054637,-0.8551130911860034
0.9491636366638528,0.5259590619949364,-1.2169997207900085,-0.0326540019277108,0.4162742870178443,1.5297591738619192,1.0847239016816406,1.2412326226563657,0.2888676130009747,-0.0121662170134889,-0.0699767459444127,0.0345310302073671,0.6099665551090142,0.6353019082545469,1.1071550592510282
0.6334887070149942,0.8137129568635286,-0.9027323948658532,-0.4212068413177971,-0.3709258176473736,1.4433731906153286,0.632085652843422,0.081475311248602,-1.019693035284812,-1.4094481092102624,-1.36218819243553,-1.2138208817012148,0.4847706451007408,0.8860858978857197,-0.0650604982411502
2.723841303568268,0.1097355329601479,-0.4500891535321925,-1.2061023576964875,-0.3149317977305632,1.1363912535232104,1.7623174234270464,0.6048477077376815,-0.5290495986224857,-0.703469360295725,-0.6273356838355719,-0.542418355768934,0.1312188449970159,0.1056401927248643,0.7633270151562771
2.106106772080535,0.8921355766486306,-0.8609221470335319,-0.3148290092719406,-0.1904524476969953,1.093144963691446,0.6571163394151217,0.4305619163563098,-0.7869026883329959,-0.9562768953184396,-0.66962986826543,-0.3598872568205666,0.5629785120841468,0.5997192810012438,0.6107902376108179
-0.2508389205466804,0.2560724715885105,-0.4119785781317766,-0.6671028920894116,1.2332838504034238,2.038265305954215,0.9659083670255908,1.487578384035718,0.6153810143929008,0.5386564093103646,0.3009076751976556,0.3585183413662681,0.7774150432510862,0.6078883930702436,1.2732433035457835
-0.3440886830120717,-0.3786098563651568,0.2553601285161634,-0.5424282987240622,1.0677981451795575,1.1856559903531454,1.2901038940648033,1.2423745192661857,0.1721393198259746,0.1107789689900291,0.4235988535284785,0.753346512109102,1.0115303951323236,0.8742347107435164,1.173316991772281
0.8525661827666677,-0.2268683239832573,-0.1050362957072306,-0.5208394036575763,0.8479093277035263,0.4664966501796814,1.5061540188647524,1.0865982425381686,0.3621112982584822,-0.3178917352386034,-0.5485096315825363,-0.4128974656649513,0.015730700505073,-0.1253225178695475,0.8568127473037027
0.5615601845957799,-0.0483505931101933,0.4944271106701826,-0.7964621214946783,1.7189693206959482,1.1227260867914148,1.1785087497659772,2.089743444864774,0.3171981562680658,-0.2601219337907765,-0.6007299637185686,-0.7146841605494907,-0.0449150781570605,-0.088177804277492,1.522551437796253
-0.4443871202802341,-0.3239984036127597,1.2784169509694432,-1.2193803825307643,0.7439579322057988,0.0033812623461162,0.7949455686785067,1.0359034278492814,0.2588065378714711,-0.6067854082383402,-0.7274168849821516,-0.5438078001035281,-0.2101074820097347,0.277056713033364,0.7912289983625035
0.5123982524435604,0.0558730496435069,0.3127073940465043,-0.5806164106294404,0.6737008953257942,0.4028470248979729,1.1799528278374272,1.09491124985766,0.4048255428580047,-0.168165405835541,-0.2169357122019814,-0.0019420017659442,0.5299331574532528,0.9533175771798168,1.189639885148634
0.6404930415339031,-0.4501120851499368,0.2252172030084504,-0.8523006222808491,0.1618928580231539,1.1913632323296666,1.2841671286599732,1.0456539661134825,0.3775946403969136,0.4907505944339538,0.3549209477788597,0.4666397085694757,0.6481131473216043,0.3879371901802247,1.1829896176108576
-0.3723877964400085,0.1435668720105256,-0.191191739716296,-0.509910718096894,0.3781053580481465,1.7804281164528268,1.035705473812057,1.0767477208857694,-0.2695620323261177,-0.3635061965961153,-0.1014925709543979,0.5156375955126368,0.9488878641852516,0.8935574301140774,1.5656530964106483
0.2604660566797696,-0.1491346045534418,0.0590398591360675,-0.5139061590026663,-0.2522579560710364,1.1748902984035752,1.1654318205634575,0.5638775363347567,-0.2600994349221451,-0.5288552690850506,-0.2784371478189033,0.2857287612831194,0.9421389831053432,1.1796681062468362,0.8045129588420948
0.7358632708002479,0.5393376908899942,-0.7427796310449064,-0.5773155872121059,0.5377014082320146,1.685977469557191,1.2690043089098064,0.7672883448373425,0.1571316434170429,-0.0426492586517533,-0.0015069493536086,0.5896459532393997,0.3341976924392197,0.3279174691344316,0.9574837595283144
-0.4555537201554874,-0.5041228470976442,0.3837000047051952,-0.8142190804925422,1.046966232526114,1.579482306154669,1.481765144769249,0.9540961564593796,0.1687873748953161,0.1997987231856622,0.6435579926802766,1.161012032787817,0.7580432549661643,0.7277829097204,1.3422021027716158
-0.0836066792869212,0.5035587066089188,-0.3665376041784757,-0.0362004997049471,0.0643438654677659,2.067308163453616,0.6108256145693826,0.3556031474055252,0.4632563518074338,0.0413790967965706,-0.1863333074818159,0.0159085049321113,0.065067520784788,0.4642022861954133,0.76605449983125
0.454431198114824,0.1102539670059964,1.32836888792593,-0.7110159673680208,-1.0131500295131806,0.381838056051771,-1.091261072306131,-1.848927791675114,-1.776113929862871,-1.7534019352908865,-1.90618506274167,-1.6880773777019271,1.9107763060751517,1.3250569861354555,-1.7058762127675748
0.2527544231166294,0.421795488321705,1.5127172663263575,-1.4299124642580685,-0.2865591942318863,-0.1333828191927764,-1.0050175208171033,-1.6022379327897946,-1.8330626058950583,-2.1261044315255866,-1.551656750227386,-0.0891186420703765,1.8061515688350749,0.2569633455633902,-1.5912032324208754
0.5647419575460174,0.846277974758076,1.7517481018707666,0.2089339883579168,-1.640031457780767,-0.2931251843583392,-2.185952477020326,-2.331519283876519,-2.7712879947954425,-2.9513056986262414,-1.5745238034313414,1.7432440492488916,0.1390179686202852,-1.4197176389260873,-2.486930245564264
0.5231514864466557,1.780204979743721,1.7896960175279293,-1.3001004335106343,-1.719805613037579,-0.8226996031514839,-2.5985576726557205,-2.654932321801033,-3.101580018656484,-2.986861765689316,-0.9115200402417182,2.352535482307154,-0.7856466447355432,-2.059028873657562,-2.7918336219547872
0.4340747168256445,1.4331547850090467,1.7343816640974068,0.3668761851769713,-1.5475156571041977,-0.406095254911537,-1.8760372775765053,-2.4201846784092584,-2.717657452236565,-2.3781953044194366,-0.2530751388851777,2.4661739694098874,-1.1595138266825846,-2.072154718407884,-2.486081182976956
1.0292042855327284,1.4323295116062091,1.2751831681725307,0.2794022095793638,-1.392418124859332,-0.7998373906511212,-1.4885429950723177,-2.2413824611532505,-2.5003691782021096,-1.9799066972101076,0.7273040373655137,2.5896052261440508,-1.4136800209327094,-2.0154754480486368,-2.2625161908087223
0.6955765470796866,0.6819930983973682,1.2159629727589865,0.3538889514710108,-0.7019556975283691,-0.2733305930488318,-1.2793121278319728,-2.05016108426458,-2.254889352885737,-1.602368909061403,0.918008772977432,2.81690442011261,-1.122595572486297,-1.8676089082804217,-2.1349380565912965
0.0124386665595607,-0.7077651473304222,0.9730457072996792,-0.9317997745777036,-0.0215089597123723,-0.2457780432186316,-0.0029877923539068,-0.7852056935024945,-0.8677089976242214,0.1275121028844758,2.261282297010274,2.3593030548317224,-0.7151341685736223,-0.8904168240778483,-0.299973788626885
-0.1440682321659885,1.083354941644982,-0.3536232238222699,1.7947621205591235,-0.1817508690615437,0.7454159228885437,-0.5238186167881005,0.0005675307000105,-0.0234257652497695,0.792657636785176,1.6036837219274196,1.4646772431754214,-0.0619820402336738,-0.1229901871234195,0.326774128505451
-0.771737847902923,-0.2449231413858062,2.029698125860232,0.233555369821584,0.6074873722312589,0.6296522615858958,-0.7746870684217626,-0.3002344707836009,-0.5800534135886928,0.0139712927757758,1.3572320985244437,1.6934850172296176,0.0770305373953213,-0.3599099792678512,-0.4331267689231876
-1.0365666297785665,0.2725227410307873,2.070296792888908,0.7552317342916186,0.0324715968483357,0.5343490808161419,-1.0024502709123149,-1.1138823802761264,-0.905649871310626,0.6114066602066032,2.254732508530026,1.1305369185664584,-1.3111476451262032,-1.4380614051059328,-0.8401890166176604
0.6232875810626032,0.8784124975759298,0.6235648897973058,1.1707442411582918,-0.8814368494898042,0.629209871020612,-0.4592362363707316,-0.6146090373889126,-0.5326232391314327,0.4123000991696474,1.349371504844784,0.8080964811274589,-0.7993343753998309,-0.9573552211067684,-0.4961493573326094
1.2465131560908895,-1.165510481204265,0.9866134041555306,-0.6419143184631981,-1.1496793699286074,-0.9568236839664904,0.7894901626308314,-0.6026912333071444,-0.9711599541421486,-1.3076881167892265,-0.8509219019577958,0.3090032539800837,0.9841915943923296,0.5044471527887479,-0.5271980083093475
0.95569095554828,-1.4572459820147463,0.6971560400580696,-1.2210721570702583,-0.3326892963541158,-0.912556132071578,0.4327226524245965,-0.0588592864423651,-1.017630920607732,-0.9927904846244264,0.0649500267531855,1.0112030806985497,-0.37714291363386,-0.5784882255386435,-0.0410026649308398
0.4119825279729167,-0.4349622301253769,1.2853229615502224,1.1221229634537992,0.5995145881274413,0.5390080969889418,-0.2052389489156193,0.2652469366721814,0.2972636126140821,0.9936468596315196,1.370858069239589,1.1597247048112609,-0.0788806968808877,-0.5353821916301761,-0.0525092890853464
-0.0531720805747809,0.2050916806457138,0.2352585972821997,1.894660239224546,0.0062793641305018,1.2726029998743142,0.1100514300163554,1.4782953939897114,0.5247159757371909,0.3175635742745235,0.1843062793557646,0.071295755666369,0.1972083210426053,0.1123299753227807,1.7726990946049603
-0.3883910630858759,0.7611395235439763,0.7040038144344748,0.6678295006123525,0.9292102453025866,0.4840280444953039,-0.0779193989499508,1.1423227970973977,0.7855198835434666,0.9430061602334288,0.7381643221103494,0.4103665038770593,0.1794445994841307,0.1306109673908088,0.7996539040353244
0.0292350521539139,0.3303367957490833,1.0804573659052987,0.3126216375006941,0.8823851448105035,-0.0641833413423138,-0.0206376354493412,1.2441184741200495,0.926611637063842,0.4791540230087738,-0.5497001383881079,-1.0698169609098298,-0.5483130764134234,-0.1377806559899949,0.6027658204311139
0.6546311555939716,0.9263662939096936,-0.3108035484474639,1.2926654603378371,-0.6188618209784399,0.759506846015415,-0.1838986840820601,0.9433623283270688,0.1162827922882158,-0.0387351980501722,-0.4824646362765628,-0.8980934129008894,-0.5494222675168347,-0.4137951961131837,0.835993898408853
0.414986224621826,0.8499662704151538,0.9103072418839456,0.4003421216665563,0.7330175133562411,-0.3694062357127717,-0.5409068739668583,-0.1670650495364586,1.3157949588701163,0.8898463119373672,-0.0850378223520171,-0.8095679857007113,-1.006824974823233,-0.7799979687757643,-0.3856070168457428
-0.0033915299460599,0.3784304826891644,-0.5125116708046551,0.9454723930105036,0.3271150361205032,1.469677120976728,-0.1003026090573414,0.5678063799774895,1.0831878853859676,0.6901899153873968,0.2542945194695938,0.0987660015002907,0.3733149570540435,0.5128609022324172,0.4319858091120836
-0.3298046751147692,1.367212734307848,-0.3406345421018626,0.2322198022487389,0.3581878078085024,0.1252209906526599,0.367498459531044,0.4585971864766563,0.5417830772754588,1.019569527112287,1.2914055707517054,1.2174062642749446,0.60134173504745,0.4477453765984158,0.5978300599360564
-1.0437933808826685,-0.3866677717541792,0.916092707566768,0.1805547763343021,0.7795108723830005,-0.6821158127146146,0.2727508927323977,0.7699328694899437,0.8821165276369923,1.0912518196725245,0.8918783609957753,0.6429941861393251,0.6462047137273415,0.7406102242090572,0.764469120454743
0.3057053040416873,-0.6161359884483608,0.0635180224379396,0.3315865301934234,0.6715431244322767,0.1732709700076801,1.285129847374268,0.934171409314799,0.6470492864097203,0.9094956733415392,0.9849700135844308,0.8865469004288532,0.602465715365573,0.6579865749126463,0.9396880398457048
1.160992191169492,-0.5303865643347183,-0.0908273312216046,0.0928138540637961,-0.0408654521987874,0.4844548575935547,2.216961336253378,0.6509619884981682,0.3051047969498086,0.6324044809233592,0.5410491652376606,0.4349023227001534,0.5063283209798773,0.4323901425715062,0.870602425687981
-0.7400717335647327,-0.7711158395467093,1.154196449512806,-0.0605849659964169,0.4990966539122472,0.2877589887356072,1.6887496683429188,1.1386252099964334,0.5412113562694043,0.8482406025939134,0.9528929530149274,0.8455003793460288,0.7207106944591385,0.7816503641160867,1.3341217945125068
-0.0118598089983777,-0.4271500026871011,1.177252631391682,-0.6099216634420346,-0.1449514103283871,-0.2794922411368545,0.7978337248213937,0.5100152622938422,-0.1616596821820846,0.142194185052064,0.2532304319154739,0.4611292073227852,0.8956625219302368,0.5395493865175348,0.9609251081967934
-0.4346730222844864,-0.2699037614175498,0.9719084278602352,0.1316917172422207,0.7886528378136695,-0.3941546515079079,0.8944265024891093,1.1199139303043044,0.391682491477556,0.357063293005578,0.1284077826300048,0.0991853404335281,0.5273827469612035,0.6639587949140687,1.0939219789264816
0.8739410602530012,-0.5718921342871595,1.486728523397332,0.5886083482490712,-0.2071946100982401,-0.1211136642131265,1.1476215243489818,0.7722659350987323,-0.0467817978546374,-0.0415321679790893,-0.2224247089745165,-0.0891890834469856,0.7026695189007122,0.6758313777342545,0.9096367555445593
2.522670150839306,-0.2703372328901234,2.59572123267537,-0.293264862386588,-2.6817861190178918,0.0063255935844781,-1.2227524033670665,-2.126365779303733,-2.4058780657706667,-2.4748084612462664,-1.9655797462519944,-1.12431353007676,1.815356709349992,1.0328299719439198,-1.947925830354052
0.7487140862964982,-0.1986742787278727,2.1116746201692096,0.1871312578836613,-1.4632474676016247,-0.2783858610392857,-0.2203215421062506,-0.8667770328684465,-0.9767134860114446,-0.8850041877829257,-0.3599679128837273,0.6981980056378487,0.3283149177645663,-0.4868678954965454,-1.0434128358920982
-0.1184645788975121,0.0415950080300773,0.3801850816113043,1.7238221545141634,-1.2675611597359382,1.0872031692292248,0.6938601036774109,0.9806277195795186,0.335027168259967,0.2732573730450536,0.3056183813830402,0.4415985083262793,0.7907253364920164,0.8159718574445254,1.1782720250533405
1.1568971514048123,-0.6082609861151815,2.7287554824422835,-0.0916390671033094,-2.004900412014408,0.76338874605083,-0.5258242807762132,-1.3324045270169842,-1.4277531400396477,-1.315907956712871,-0.538508150244212,0.9166650801579974,1.0908226656620876,-0.1281735928837455,-1.283977099861417
0.3375480643494696,-0.5998042336783613,2.0505326300113182,0.389090458438612,-2.4580093434028654,0.8657041081705334,-1.2273253172599812,-1.4126901087829025,-1.2914522394927224,-1.2092070378540072,-0.3901376200542307,1.1353760993112356,-0.1766578194104421,-0.9841125348842638,-1.6433012348130445
-0.6514004629913216,-1.0100863353756036,0.5299659217349046,0.9049065092301728,-0.692227897403779,0.9140233761598732,-0.2185565577967158,0.5296860947906957,-0.1875281366005216,-0.6417586987899556,-0.7139538232465312,-0.2624323214231092,0.4626280661946788,0.4091669507355037,0.2495897042140565
0.2064438572832673,-0.1666888462854168,-0.1394023501045565,1.42566274188706,-1.2739928492295134,-0.2621863401549912,-1.2667967845461154,-0.6551240685840488,-1.2082633751218306,-1.6467925812412572,-1.4780475520007428,-0.6712582337722088,0.7439218462028526,0.2184995682391022,-0.719734682290075
0.8588017139766297,-0.6055957588961809,1.5719227353433949,0.9016394712511272,-1.573438764558287,0.7864816285432038,-0.4923698054544304,-0.619058298163743,-0.6650757810784638,-0.3112472566914025,0.8005443362122217,1.6030439627944033,-0.0533695098012369,-0.526323947848784,-0.6934714640775801
1.3385921920290722,0.0555532223772256,0.7830698372880653,1.2154408466322757,-2.7342239740956344,0.9744461965253484,-0.6482500106108683,-1.2675635015079203,-1.5325821055550313,-1.0665555416015495,0.7257860646776897,1.552484546542919,-0.9126905816864384,-1.447179395308861,-1.58942030698785
0.9471990760222924,0.8931892207898284,0.2691038727484571,1.9579972303420168,-1.736576310388302,0.6332807190822194,-0.8249891212437253,-1.5305507425827047,-0.4919907044854072,1.1331098905633812,1.7692722245805017,-0.2169385383955683,-1.902937759384473,-1.890586150742633,-1.5976742630488348
-0.970152751373576,-0.823306670705077,0.3671328086332471,0.7428145429600765,-0.169959118676598,0.6499922779568099,-0.1331954984624624,0.0263290778700313,0.2669593255243416,0.6614023860215965,0.9937548567635316,0.5399611446840696,-0.7820272448082443,-0.6675877006531438,-0.1644225028405201
-0.3598959942098899,-0.8466686725414837,0.4185111979060716,0.2321149700657361,-0.2399165515457318,0.2200058407053438,0.4505329486390723,-0.2475977125530683,-0.0558382735493361,0.4147692224157435,1.0295548112668516,0.6305634105919266,-0.3646193649558562,-0.2773505170053887,0.0062603736370611
-1.4861470712016696,-0.824161708066706,-0.4807649068408457,0.0665216923041806,0.5780026054700832,0.3901283555114082,0.2456343156130508,0.6189496813033674,0.0998976832134873,-0.0895818066046396,0.0891575477742113,0.2816341789823657,0.6611639002592763,0.8748289454225818,0.993210108395546
-1.1543716123487886,-1.4257048443026057,0.8418529264779764,1.148064896739961,-0.0255559982509111,0.6247115449688682,0.8464510198933434,0.5496338596937104,0.4245729708332596,0.6676832852774945,1.1497571547255163,1.3024829005867722,0.5001822566235881,0.6585481105366817,0.6439190003807287
-1.6785123865882454,-0.6561809597685013,-0.0292475654584181,0.8074929411088619,0.4161830581148801,0.3789409321372839,-0.0805668754142746,0.7266979664485816,0.5012343028305892,0.3017987940699351,0.5346957150362034,1.011895202680804,0.3431637059331571,0.4632887311147577,0.6738800880433858
-1.5566946083282545,-0.6622430664298723,0.1530926679635913,1.1568385440558902,0.5460082145237305,0.8271378676539846,0.2669745804466247,0.6436941312725782,0.2474650992580854,0.2826948016027175,0.6413714340071206,0.9281933551151478,0.7242692711371987,0.7903664788957749,0.8125165614129167
-0.2401493363059086,-0.6525470509815782,-1.5377392979796043,0.9155810393126992,-0.3875252275493209,0.9043830434092835,0.508697204294471,-0.4427116980975616,-0.7341766022581602,-0.9569567081948072,-0.5927817946915344,0.0836475801406552,1.30473011788017,1.0948132510596682,-0.5064787997181273
-0.8458075769332883,-0.485535525414182,-0.4084870833959673,-0.6692672456607711,0.4565474935697761,0.0819000548336722,0.36436962370958,0.3731498723818753,0.2071772109443387,-0.0866459261602492,0.0080524177310353,0.4321201247045483,0.838418679249494,0.9116424296979436,0.4125746445068043
-1.1786657969115144,-0.7837595692410758,-0.3180603150178069,0.5566840287954747,0.1081667056986658,0.1938203085918512,0.3277863125663186,0.5750292806436377,0.5348928401776255,0.3136566601946387,0.7055448593893656,1.312267160521699,0.7463272807309631,0.5950186909176586,0.427103241506391
-2.0930961862222115,-1.5793404467893792,-0.6322546783410796,0.5772113937330129,0.7508927801999836,0.704014482450885,-0.1068009603788335,0.8347674212544477,0.8605574971459128,0.6551348864938791,0.6392399630524743,0.8368096154117538,0.8165468887818234,1.145290903417235,0.9199137759521518
0.4764826225130308,0.0193386019720301,-1.94238318865746,1.4974566592158445,-0.0703900279358021,0.5822753665343094,0.1681354591122185,0.1556878013126537,0.0499016802088938,-0.0975340986222765,0.0553859513165322,0.3045243170539388,0.661258051316317,0.6491202866950421,0.1931651540923462
-1.25137814112292,-0.50633836795746,-1.22362191354717,0.8143434601021184,0.2806052973588938,0.9690770016120888,0.1973379267791998,0.5522654368571922,0.6506421379739784,0.4499104562272237,0.5115080230604093,0.7405110532168881,0.5776619110065201,0.655045678420125,0.4077683971336788
-0.5307891695519771,0.5784015338958088,-1.5384374630504345,1.869189911727172,-0.2087517216011052,0.5298564538377029,0.2249358632556879,0.4863673927225342,0.6181378008300253,0.4031360250668697,0.4467841913282678,0.5338303811144848,0.4584170976788941,0.9379728391458798,0.4631391113168113
-0.9459193559096972,-0.5899339637804178,-0.6163588720735814,1.4495781050148016,-1.0417218852294674,0.610128138796978,0.4379373787937076,0.6576594368975613,0.0561518049437656,0.2865740229110288,0.5667934923545479,0.3812831977948785,0.8267310336509245,0.9637130508351248,0.6710917013646475
-1.1557676161246626,-0.0224581136136745,-1.4697642598418164,1.6663588244088114,-0.513439048412792,1.1058723954032168,0.3555447021618628,0.6413909168192589,0.3950647898756058,0.4346981914812861,0.3795508079751268,0.4961901024374947,0.6585439179684404,0.8411993802462614,0.7363940676302206
-0.3109200051835565,-0.2056157750807934,0.8363840783200835,1.722469902774262,-1.6529475266428395,0.2670885448437095,-1.0873299708894135,-0.7066613691968745,-0.9671525280042798,-1.1046105463059217,-0.4900347246372442,0.3238474740079519,1.309714708134559,0.3315268796409016,-0.9552770364109084
-1.1997152739275494,-0.3628928626349099,-0.0721810357153345,0.3179335982219223,-0.3307607380792956,1.0737307736519637,0.0927224931590196,1.4932537000996435,0.6303391262791302,0.4659262580063971,0.6305535244303694,0.5299740703158186,0.7520850761263589,0.8621683557453744,1.020469151460753
-1.3872432073776435,-0.3289679024050628,-0.0136509727927054,1.1093873826009355,-0.7245504013931788,0.912979126350262,0.2490840576726133,1.104342416723587,0.0239060486042983,0.0983368747166473,0.4127592855324841,0.4077639550298535,0.924949749633856,1.198023579495766,1.3026100184881455
-0.9961397335477228,-1.5758797101263304,0.8286232673601577,1.3212687963389056,-0.591337231600498,0.2613144337404121,0.6412314806292368,0.2518916016457039,-0.1214789915569732,0.7077355194671997,1.2177532911041768,0.6723067812661735,0.3076462611585485,0.3248401247332662,0.4711141901643506
-0.7404164435134885,-1.8400429618387133,0.8033514321884272,1.5619401306795238,-0.7339237564959117,-0.4509169467007845,1.2970033781839283,0.6437466405340062,-0.4654271940858193,0.0685774184001404,1.0461150269542423,0.8467612327112418,0.8561774016367982,0.7827952347341773,1.046319739324949
-0.6716110504432696,-1.7720469273995,0.5198408547537213,1.0809684066458372,-0.0732869602817449,-0.1316976982011068,0.9757762338471236,0.5707602057590497,-0.0840800617408906,0.567001300988596,0.6250701776802455,0.3553517887452718,0.6299124148833258,0.4907155681362956,0.99810847968576
-0.5842971646888208,-0.4144932850834439,0.1200305690389181,0.4276308843383259,0.5567707370125081,0.3481019641936022,1.0884143234197663,1.2007656050667126,-0.1174577334592804,-0.0282878766452898,0.299757895636965,0.4769477876002613,0.9594065369251654,0.9652947162376916,1.4122671599139502
0.4348313623148221,-0.3138856927413923,0.0357634506912251,0.640446889500892,-0.3850542719786958,0.8091614113324666,0.5826660921762189,0.634626932711892,-0.60821259424241,-0.6108598189204836,-0.3329603349227233,0.0440576354426158,1.078933803423913,1.0522483663273463,0.9740082462462462
-0.4112699343942704,-1.3244175513743477,-0.3696294780635799,0.2108580899236677,0.968410268214195,0.6065836951396224,1.221028826314054,0.7902884803002138,-0.1030325362473774,0.000722534865916,0.3717914438636688,0.7068277834138513,1.5542762447737408,1.844308291404446,1.1065452683019317
-0.2214427426760228,-0.1635246668845036,-1.3703296224721326,1.3231638396470342,-0.1596033941596741,1.4447252957568888,1.095233580979371,1.38309106788617,-0.1918141230403995,-0.4277355603422495,-0.094005349589082,0.3141473655162228,0.8875351194001176,1.043077290621499,1.280689151689714
-0.390904155948798,-1.1881971117575625,-0.1485280302681471,-0.1793160334001002,2.150909148852897,0.8382860030415139,1.5082399094123995,1.4185028102797177,-0.0168601949866915,-0.3264742611383389,0.0585052345227464,0.2434048402029927,0.8665569307791386,1.0211915305054309,1.4502626866050323
-0.4489334297081176,-1.0965419770569207,-0.0754951443113836,-0.6092170354533627,1.9147365942130157,0.6593686308192288,1.3156961665531788,1.3066947679906762,0.1915359539312511,-0.2468436964789192,-0.1674528159242026,0.0128965451309219,0.8221642907868532,1.148849852419029,1.239488175230815
-0.7627703830741925,-1.0587807131203724,-0.048415978659077,-0.6329412953509478,0.9850062570322812,-0.293553659686304,0.43352491801985,0.4792067119346534,-0.3308149453007287,-0.4215109399447104,-0.1166996062742931,-0.0058474796999618,0.9927714219133612,1.2321068945221338,0.4041370187952222
-0.8884543480208498,0.2095281339942166,-0.6881139084424129,-0.2189339784221907,1.3854343780749236,0.6958146557799613,0.6120290129622418,1.0426933069348867,-0.0823879519891001,-0.4484314405173338,0.073533823301486,0.4461942171988837,1.0586809112202258,1.3392790566133594,0.999984878130894
-0.7376387392791148,-0.8239647247757981,0.2334405566950732,-1.2233795078567615,1.651253838117158,0.4128005039170563,1.04958466860983,0.91590466008243,-0.1386594383215759,-0.7917072403520146,-0.2302297441004655,0.3093578246677139,0.9329559222630952,1.4297948852411078,0.743054357016718
-0.2466151509256215,0.112129096409822,-0.9288831281564712,1.0106507600320724,0.3016692216996486,1.3148307109566115,0.7470503126422753,0.7190118333939457,-0.1344038053490893,-0.4890277036711752,-0.0668056708660954,0.1752828286518082,0.8921901809548642,1.173759265895287,0.679837306196538
-1.174150239615986,-1.3270600497520906,0.6545626156841654,0.1231389961050601,0.8197432332670139,0.1740042507728957,0.6594429096413321,0.954711521845018,0.5497871713602225,-0.2596717029239052,0.0884178656735377,0.5227238088951559,0.7233269273715968,1.1820894510872126,0.5202937145722693
-1.3322047572815938,-1.5881154030038185,0.0833578254430495,0.1536643481509981,1.0128997014519805,0.0770157590423619,0.6470077929150109,0.7873429265255908,0.1104007513731022,0.0184972742976087,0.4062386888346939,0.7832968617127679,1.1119087530608256,1.2531671044217012,0.9381180786979992
-0.6546001150882788,-0.1556063715203537,-0.5275305870982417,1.6048192742221905,-0.2682261241659969,0.4344436846375256,0.6665028468794998,0.8320628346384324,0.5434187065246351,-0.15893879966792,-0.3110189437238121,0.0089471004316381,0.6856648381649284,0.9222127020054496,0.4904447945241424
-1.2458141506637517,-0.5046791625455901,0.5784345089340015,0.25584402666135,0.3516995667620101,-0.7021108214353403,-0.6633326038015134,-0.7834543657728823,-1.8419986282729577,-2.330901410463277,-1.6258928655240772,0.0289231402118076,1.3299563522031137,-0.1493918482159583,-0.8820117331529768
-0.7421256899398903,0.738538937889729,-0.531408315051568,2.06315141776903,-0.1306004818768816,0.7979788440437207,-0.3263810537978807,0.781246457412815,-0.0316623131037958,-0.6113770484282585,-0.1926825201664647,0.356748324493618,-0.1498143532139058,-0.2867454399459795,0.1339645518749386
-1.027745058787066,-1.5539804715737748,0.4583775613992818,0.018991142020984,2.0282759400738573,0.2348880207952373,0.3669368736143684,0.9674687548046824,0.74192999904287,-0.2317475627105476,-0.7893215909486769,-0.7028854663479077,-0.5057847106700636,-0.2589625465474469,0.478422430616228
-0.6379481929994194,0.4957021038139001,-0.6860394946797072,2.209845566263002,-0.0138104843326949,0.8719274724732192,-0.2889954770593795,0.3402226092893161,1.4890260394835364,-0.0112930013937136,-1.0654685550572114,-1.484120044860982,-1.2171615607341275,-0.8363981870141521,-0.3489006468103203
-1.3235748507429312,-0.3866250198860977,0.4864842278988802,0.3820657289343442,1.2225540873843468,0.3401190822464807,-0.1242101237956899,1.2628189642379126,0.4715155687067272,-0.6100540485992177,-1.018516868819675,-1.1375494174655374,-0.4662171040523146,-0.0342475757699883,0.649618734112897
-0.8434761362010397,0.1076720788716092,0.2781673004177155,-0.3044061320425107,2.085181627005061,-0.3356856738293585,-0.041576767485281,0.9631773814666116,0.9008403905852786,-0.1599299328956855,-0.796245693413671,-0.8863646873149983,-0.5109838486871777,0.0930643783755127,0.4895289517333375
-1.1381387774590417,-1.231204408721725,0.5523995786704711,0.2050863413653169,1.191406466528234,-0.5749467338938017,0.2898391499111555,0.6714003193778112,0.8356050258447031,0.776283168948366,0.3190371846097729,0.1350281821046914,0.0462016902820601,0.1592290996147393,0.6795497562293914
-0.6028449914958369,-0.3560682574656053,-0.7490637860640356,1.4045113891016223,-0.3189560290433607,0.6591491452585784,0.3274654063282199,0.1618619553601449,0.6887338184445747,-0.3464840752305717,-0.014510475933114,0.4855941120083533,0.3532745296250937,0.7420227426479498,-0.0223446808025103
-0.6142776330742794,-2.32952533438983,0.1255275312265075,0.189405031783964,0.1852632149015745,0.2574093337274188,0.3510520148284835,-0.3607859212169712,-0.8500997601050774,-1.270961918462773,-1.1693317399553254,-0.2176235689640699,0.0404263977875686,0.4725805107397906,-0.3223764750753616
-0.9192737059703966,-2.435010968996264,1.359995832572694,0.7857898985327669,1.001382881806422,-0.1377328268617632,1.3940775152087852,-0.2325559670688121,0.1848969974368852,-0.4120118726374153,-0.3863280924434415,0.3032072051396217,0.7551687315432405,0.5553482780935564,-0.4917116056278384
-1.1873343224070927,-1.461665659313749,1.8997149176971948,0.1453040510738852,1.335409009134542,0.3723201762022834,0.3325196795782749,-0.4654271686260477,1.716667055169799,-0.5133696498842268,-1.803131243553968,-1.7391532852550602,-1.559799961874284,-0.9763725474510296,-1.205247190860539
-1.0060984182705932,-1.9319822070550856,1.5473216205944558,0.033585895222805,0.9733639976451472,0.1781867531789995,0.9066209395368536,-0.7698028569328026,1.260158590026221,1.7067299210986582,-0.1805081343758111,-0.9403123810574772,-0.7734638728923147,-0.8970145648912355,-0.9270676522679532
-0.5647116322061947,-0.9313888048438498,0.6412479450955961,0.0085791095001407,1.676107494022409,-0.794779273124015,0.444114823877101,-0.1491849267152886,1.3746461057097497,0.0156833313796627,-0.9724917862575854,-1.116911276021333,-0.8245531109660194,-0.5139075918542089,-0.6015204238794768
-0.7463244287555428,-1.9145215865025804,1.042706917837679,0.7015551539691115,0.8966846533348837,-0.5686779432276492,0.329069937518726,-0.7370153188269883,1.0920753037939297,2.169303277597269,0.4655992367929508,-0.745899145605704,-0.8967380181832043,-0.849561776969971,-0.8963630205213471
-0.8921210034301255,-2.119235930414717,0.9517299177354324,0.5032743951458661,-0.2157554059493448,-0.5537297488719752,0.0422599872180008,-0.681944972120755,1.310606437051729,0.2930518981711831,-0.7793982682537084,-1.098167014809991,-1.036406737028302,-0.8853585628491194,-1.0996778073457132
0.3624329759198142,-0.6185625628341493,1.1268086989154835,1.0844312055183412,-1.2035260377072954,0.2733706808398508,-0.6630116975634147,-1.0914717152206557,0.9809670127396014,-0.0068139189205131,-1.0800133606669875,-0.763707103821244,-0.8131043840896305,-1.1001873174764605,-1.4357279331937236
-0.8243404430498799,-1.8154297914073156,0.8192458996926053,0.4564579272126729,0.4079496496223672,0.56778074717528,-0.4341253232395101,-0.2027443733718035,1.9461926753820689,0.3089855149508482,-0.9631433533429616,-0.4409652812977587,-1.1281344458441935,-0.3454729427800278,-0.5371668568687719
-1.1590967132438703,-1.820377643684134,0.5231589796397272,0.5137282771190754,1.0450464861339663,0.1195232471316465,0.0280598861821437,-0.0208875377279669,1.6346189432632727,0.6504029958156695,-0.5363644375743408,-0.7007570967002927,-0.7657032845468168,-0.3332338075898746,-0.4548562569566222
-0.959213574244596,-1.7361353582110846,0.540993315193057,0.0666991006138777,0.7747657253983703,-0.446941368147922,-0.0975749060334969,-0.4173900059051191,1.7233444337747867,0.5849185241966102,-0.7561053446105043,-0.6237119592242057,-0.8597174892767249,-0.4938251240692446,-0.8879652894767887
-1.2813521730155597,-2.10419430796758,0.9617365041628888,1.5284488898699036,-0.3906047213704003,-0.3185679372511083,-0.1699392627247663,0.1039273363387596,1.8359680928720443,0.7341061845268085,-0.4797538026071623,-0.8768990682380224,-1.120025165309567,-0.6907218783948981,-0.4684271892197801
-1.000021653883505,-2.3270040564987986,0.973348267809761,1.8017433321943197,0.48373308463784,-0.3938876499235788,-0.1788444108320042,-0.0408065304329388,2.175166938306912,1.1583732914176583,-0.4478380030939803,-0.967686183664364,-1.3470362783602066,-0.8312238643246679,-0.5573456565405024
-0.577616085142604,-0.3677622462930981,-0.3986826502296714,0.7207130268607904,0.9833114728213068,-0.794236151438069,0.5434353045686474,0.2317420717039147,1.788526776002704,0.9873221879302312,-0.1969718288470098,-0.5471192539455354,-0.6608850377226895,-0.1669080457191159,-0.0905774741796551
-0.9571860790065834,-0.7440663537975558,-0.5728055543999946,0.1968210050056986,0.9829086142793536,-1.0885739107809438,0.7387869770112346,0.7972948701760906,1.3625235455874196,0.9401488915276984,0.2061582118664976,-0.1635624126015492,-0.0175416998164721,0.1759948336203544,0.2108957317582697
-1.210412724992879,-0.983061201956369,-0.4138816301896574,0.5712954661643519,0.8853455227116895,-0.5794688535765932,0.5557901947354489,0.4925300378908084,1.3638629403637008,0.978321590511258,0.4449728883102594,-0.2418095447087022,-0.1442608989400961,0.2491757224697415,-0.248725716097395
-0.2104170304769194,-1.0513884280824917,-0.4813064366033591,0.8789737522358925,1.0053131888168496,1.4982962048836412,-0.6330069643011808,0.2567044710732992,1.75230586809829,1.0411439827984192,-0.3343238736646398,-1.0699287688666623,-1.0501044660349306,-0.6584620403015046,-0.288177879954492
-0.7261417327724801,-0.1551539593467324,-0.1785946462666802,0.5848238230218338,1.2197975231459193,0.6680013258537897,-0.6702320879206396,0.7162845886719719,1.8573150333124908,1.1164370554457477,-0.7651484408973201,-1.6737638318032126,-1.1225478720613804,-0.2183206488353214,0.0798427142247218
-1.0646597754362936,-0.1109625979855794,0.3089662199517116,0.5665354733032314,1.6954919771949606,0.5297680944553399,-0.5459611472169142,0.9302792502245706,1.3408142846438085,0.6161372109119947,-0.4632733934863303,-0.880653971820026,-0.2951977496030554,0.2231589817348718,0.3933064839736582
-1.1080431673687068,-0.513579668549838,-0.116028211937431,0.7630730147385597,1.0633360151325324,0.8887161558382671,0.1348414369094781,0.8546108869395576,1.0771087390433634,0.7819007816593196,0.0200121026700611,-0.1666580510850195,0.052556886632307,0.5505629126821152,0.5887888105668984
-0.4878970965714213,0.8140344076184701,-1.1825540099752052,0.5877997222857496,0.9968301448716804,1.0617658779483727,-0.3272635459526413,1.0670921308751096,1.082410221866979,0.8184087877452307,0.0538632702766987,-0.2476646886637691,-0.2650864918515318,0.0295331421423216,0.6827120349565645
-0.3873562180737397,-0.2301077250254794,-0.7510772860957293,0.4570922036302577,0.9982296791785163,0.6561340505266822,0.9968758190021206,1.6066294675295376,0.691138274127296,0.1973622059448058,0.0671690730552063,0.0748660461103468,0.5683109613324694,0.5104492460009384,1.4553684330726255
-1.453569835546642,-0.6883460582894776,-0.1979150091040393,0.6125178719183424,2.248736804239157,-0.3276712570099506,0.5987114040811452,1.428112364773509,0.9140272431718364,0.3573540671070991,0.0659340723231459,0.035271373803139,0.6046374386414719,0.7156596341449835,1.1177520079062504
-1.3776921671999796,-0.8298796351318779,0.1019411990733292,1.5058932863572396,0.7495127357042353,0.3592755198226849,0.3148698364828552,1.5122523421197245,1.1335554302002753,0.5653576009984307,-0.05948936267872,-0.1751913856339866,0.1772774587818046,0.3551820219569312,0.900313738044055
-0.9431802706322406,-0.3326423984085189,-0.1264444599404849,1.2533433812115424,1.170826262711605,0.787648775009885,-0.2752767353806636,1.791572481065931,0.7788325151897171,0.1939064160470044,-0.2731341309507388,-0.4226427228242386,0.3169293054242026,0.2670617018791654,1.700351368688574
-1.0646569147728189,-0.2913035066253067,-0.0057288408528466,0.6464846114890629,1.7045406403385075,0.1861631761763754,-0.3706661146554925,1.7682396670631908,0.8568755062850119,0.421076474470397,-0.2829505740550949,-0.6192819530529539,0.0962979679820634,0.2458900729772732,1.2754831867349112
0.605401997850086,0.7605480325083684,-0.1649727294964117,-0.9267114512123904,0.8773901550348014,1.260552998009372,0.762453812071019,1.1271706383031528,0.9625536004451404,0.9918102035555522,0.3759493895231522,0.1212755670338074,0.2616963793467139,0.3497782003441802,0.9738717949213536
1.2864945039854785,-0.1005787645077724,2.7197536378856952,1.3489330918041649,-3.020052161445873,0.1316489754331263,-1.8663298638740136,-1.7180861311627464,0.016504797435193,1.8252219307701247,1.318857146307194,-0.3434933265072959,-2.0967968688192524,-2.392848379386312,-1.6274031136401708
0.9844735211035188,0.8583570009797465,2.413681551618464,2.045435334980453,-2.241997313708676,0.328549488514993,-4.183032223268057,-2.2756719079968946,0.2166090706598138,2.586161674777012,1.406817166040826,-0.6963604201736776,-2.734958669956852,-2.9594976713824885,-2.4080790143755046
0.721008560539654,1.3767642592652856,2.4263502689056438,0.9797939492006184,-2.3929470668622126,-0.238617062626615,-3.63315938428594,-1.348433698372819,2.234331225348114,0.915964168791967,-1.3011747775043805,-2.6068545353657018,-3.05445382476169,-2.767625066308404,-2.084885956797147
1.343773568748441,2.061480613690756,1.6773764525950563,0.068360982687396,-1.454114365888232,0.3100739952141555,-2.9331024258736216,-1.37408087605562,2.4134908376305,0.6431416831145506,-1.705694252895856,-2.843285342823489,-3.039246085688132,-2.7615227565479263,-2.1327250589386413
1.0052483744259393,2.292603435912268,0.9512258733458494,-0.0956905390034453,-1.0521441653778718,-0.4402142770035095,-2.544966330893237,-1.5307474724868213,0.0093963227490269,1.7624705570423218,1.0533611806966785,-0.5160316779564107,-2.202501739480313,-2.3854678797123903,-1.6520853852169384
0.8218083290818368,1.9647361126183167,0.6735643528516155,0.03937377180931,-1.55662465572675,-0.3451806149087945,-2.818137766074768,-1.3869686628639035,0.5491497485450044,2.372738397494196,1.0279247798012043,-0.8890984273166272,-2.3122645831894664,-2.46337771801099,-1.5094104922685931
0.9154171048133568,2.1458286965082363,0.7695657316898653,1.5675184819347483,-0.2780547944298872,0.2055979184989633,-2.160199751412908,0.004721157139952,1.4982527251282902,-0.0080475872283491,-1.7577243676107093,-2.513540631029079,-2.244862632989468,-1.8751713721402057,-0.5205163261303881
0.5772037228096469,1.278398975345962,1.0684446426444023,1.1260351225590162,-0.221067623501263,0.0396051421786559,-2.350176244367326,-0.1708881553513844,1.921782340061733,-0.0421673150948543,-2.110588748524879,-2.881190958565057,-2.6514884983456057,-2.182135971541416,-1.1243876390064638
-0.8178331488097799,0.7596775720044568,0.184072320545645,0.6444307905244504,0.5493090421037055,-0.358060425593052,-1.2236348955218412,0.8015132340616282,1.0391661363619802,0.3150386188276745,-0.607309885651677,-1.1395002653888793,-0.908455658808796,-0.5401457576715971,0.5175434880098143
-0.263714051682472,1.489517982027009,-0.5785575509998431,0.8476225339206745,0.7176294781487662,0.1400202967182464,-1.6706572851933288,1.213427889772836,1.0046888238375902,0.529415956756957,-0.808093554992474,-1.7773351115622904,-1.720045685853944,-1.4282319076870718,0.3841862161818928
-0.2832252069147415,1.0401723079053962,-0.8281244538643504,0.7381210086977298,1.1168009210530778,-0.2568343404144683,-0.763535576647835,1.3986140283826904,0.1233770507934517,-0.4906441575473731,-0.9770344042762346,-1.2795471773063116,-0.8903799056497748,-0.6395195988301828,1.5234738333342983
-0.1331433583543829,1.5644871708480386,-0.8667591551041334,0.6734506745630214,-0.5248379961689524,-1.079077734902292,-0.8195337151960509,0.3610108820276536,0.3935305949984716,-0.2788333142222998,-0.8834794498498563,-1.157555241183468,-0.7487048527749957,-0.4915783760350476,0.3679346321137464
-0.3931340431276774,1.070571591925742,-0.4810353370312714,1.5949108254769924,-1.4349955868955635,0.3095132538932422,-0.3859091609651799,0.4727135461413636,0.5135658792347024,0.6321293398380489,-0.153540106571686,-0.6116147165036381,-0.5151529491444116,-0.340124225130383,0.2640096027005931
-0.25658098730718,1.0340163094831116,0.063287755147081,0.3278613727939608,0.2775899747775134,0.3949657289325091,-1.1309732192708426,0.971547573529713,1.0126222212388094,-0.0421257759374942,-1.123315367844453,-1.4696162126932388,-0.4449862489884369,0.2046779602623077,0.4298245588898433
-0.5686572023042991,0.6303001370951389,0.3396085041773912,-0.1009075390071789,0.3921969061414516,0.0784350182643634,-0.6779338376350046,1.5672360125793536,0.4092317905041294,-0.3475935727239332,-1.0283399036168444,-1.1174639335331191,-0.2639648028201948,0.1601721242141257,1.096452110272796
-0.6823442598020388,0.3296608833030867,-0.4650043156685621,0.6301060427594882,0.3512403121709521,0.2860334993080286,0.1828169195052304,0.8323555917535171,0.5823944797606423,0.6364127862798112,0.3410049425799366,0.1071868189510499,0.126269248940819,0.2903297035313202,0.7814052738816729
0.2433485616103305,1.115405854796778,0.2096105696178468,0.799642762439491,-0.5480831206442132,0.4212405940200543,-0.1031907652002284,0.3308910661591124,-0.0814904114849715,0.0761924839252297,0.4342128914632235,0.1977706471831502,-0.1990468157954406,-0.2197099549820626,0.1491576745358669
0.1973641114131358,1.3321651316686975,0.6037679272184022,0.0070887962778498,-0.4935685639935407,-0.4489248356270972,-1.0121576846147926,-0.4210462329713968,1.482634905602682,-0.0738728586008042,-1.4814778218571765,-1.8874668945643616,-1.3758794130248644,-1.1387346590524925,-0.8420671496135345
0.3612629645584772,1.2211482711931445,0.4238341208621969,0.513508602252836,-0.0364957950852213,-0.2203947506573426,-0.6962254932066353,0.2361704726351642,1.0920510978642377,-0.0493120501608012,-1.1838586538274656,-1.65486994176169,-1.2609043084742737,-1.0605120603479097,-0.2282634137435782
0.8734411593107185,1.4537749850779256,-0.7764937077059059,0.782488936080707,-0.6465844185434974,-0.1719132089763176,-1.389222514380771,0.041974679860709,1.0113535231460729,-0.3508095074873002,-1.582666662813963,-2.0011940243390023,-1.6179919806869938,-1.376480405105462,-0.575175103598615
0.5783494185314452,0.9444322051514278,0.0275012728683541,1.8681354723692227,0.3645692695708434,-0.3600161575821438,-1.946797103077268,0.1942389501651372,1.824723862198532,0.8675013718808452,-0.6919540484827037,-1.6597296876063496,-1.9144895941662488,-1.7033163413560712,-0.514840683380722
0.4073704232851034,0.7225757150458489,1.276815120658325,1.8715509994350683,-0.8001934683011362,-1.7696082315058084,-1.4897463934651902,-0.4130329959902628,0.7850910927889257,-0.2097121563749997,-1.059152300836628,-0.9243120242074764,-1.042640286880072,-1.259767385402122,-1.0522623210405384
0.4645958506079067,0.2381258867633829,0.3516192192933077,1.3902141702123028,0.1748859271894045,-0.8913800853929909,-1.5313037512989722,-0.5128171367172535,0.9255903773635108,0.6310703146541679,0.1954170484274993,-0.0711215794881004,-1.1119281744040672,-1.064865273433305,-0.3857411554363152
0.3264422535730619,0.8205175390060113,-0.1298388943356707,1.8060625849757064,-0.5479480396663016,-1.0005460245152449,-2.0077692883160183,-1.0532268104510891,1.346398554201602,2.359238618009749,0.863567982033776,-0.478627070596465,-2.079705327484385,-2.054721277772394,-1.4131194133907476
-0.3852586365805848,0.396954488314835,0.1960529134868865,1.5077496780116872,-0.1114258251811477,-0.6400780232501991,-2.0102563116612853,0.5415452755189519,1.587278676544868,0.3346151750420647,-0.9529975610155492,-1.5721230712480516,-1.3967980281893972,-1.0825431495974445,-0.0647488572915013
1.639644125158824,1.3003214839026638,-0.8678241413243544,-0.1626014177390695,0.0066938336237411,-0.7871968460611096,-0.2797694227140439,0.402252950702082,0.2951876659771784,0.604718409214012,1.2843971887857435,1.3401217609810117,-0.3861416300392031,-0.6937891304951284,0.0928021209880431
0.0926130514458998,1.5769999391237253,-0.4040122670023926,-0.7193162014437314,1.05988051309435,-0.7319173547575828,-0.1915202072369034,-0.172934218284697,-0.0101858901505535,1.0828399169782896,1.68840015796179,1.272187435513813,-0.0210627827107551,-0.2873780253685983,0.2615426860923645
0.1923386408531631,1.5755469167718437,-1.3686729028649378,-0.040171748568488,-1.1419629597759604,-0.8711981470678681,-0.6049276684675516,-1.4212730352852825,-1.44066719564079,-1.1254960326347627,-1.0195195123800729,-0.5227342458549138,1.0499277790986237,0.5708238123476136,-1.3534109732621933
1.311581092330821,-0.0525727459554017,-1.5941193070120074,-1.2372666438233133,-0.1744813768642132,0.1497867511483777,0.4287915510078928,-1.1286833384280126,-1.3149959641079787,-0.896589816096758,0.3831315096782602,1.4976797372582082,0.1267270897004992,-0.6963628690796266,-1.1111879006017005
0.6802898766343447,-0.1464158022086165,-0.8634570953779548,0.3597560778510325,-1.1601579424569093,1.6956236735405914,-0.7691514358145518,-1.787028094024086,-1.1101188963018995,0.4176340843007762,2.2321178229937733,1.8390863971590063,-0.975895102792572,-1.4934786332332308,-1.4318677868854257
0.0968947495023331,-0.5141413956266551,-0.306297271115894,0.6954067603394681,-1.141058342267705,2.3604545315221257,-1.81907642031398,-2.177173434956819,-0.7673652371922904,1.0774090071466538,2.7417281860698086,1.4095783766004364,-1.444157467972458,-1.934424582929969,-2.1107103336723805
0.2611440339233805,0.2527004856389471,-0.4848467962003099,0.7360805350667622,-0.7743657365183272,2.5893524916737047,-1.9311529239699463,-2.012849927234619,-0.1367168164085304,2.436420159015345,1.6763020474736885,-0.0292359077778845,-1.4322456928664205,-1.8711387914555224,-2.030057289720314
2.1517765492954632,1.4896329791405192,-0.2322864185546409,0.2884836797774789,-2.163807833005383,-0.1872297534365906,-0.6384623703488561,-1.9756321000220585,-0.4682208657491409,0.8852479718833585,0.635674328075771,0.3372975220920581,-0.391253907457234,-1.4119390989032805,-1.9322513698627288
0.642776566152943,0.2184129462747383,0.3429982529009607,0.0192847833611723,-0.5078646514340598,0.615610908523707,-1.0884531427227655,-1.7267300187597292,0.4450677088601113,1.5144063024667704,1.7082260866028869,0.0394160687610778,-2.1126871509816567,-2.096584142051662,-1.8782617435244844
-0.0067091844113671,-0.2054604613321937,-0.5599474021031833,0.2393973309162963,-0.2043223510237808,1.2331241655621634,-0.7498970615286398,-0.9020395194846472,-0.5779951411226751,0.8984132048208919,1.1776098818722038,0.03789708793527,-1.1577549516258332,-1.2576750495722335,-0.3891861659341349
1.7237562133187094,0.9973016545702282,-1.6577674621029646,-0.6589677617501943,0.2815756411449668,2.234939850779547,-0.3851068953699412,-1.147032807729755,0.1056218092539447,1.947138017649366,1.3845108775611878,-0.0427942181119471,-1.3331954480788282,-1.48881780681533,-1.180652417732219
1.636177716192809,1.4055971473088993,-1.5884302322881494,-1.172075555124365,0.4626625254677787,2.086828344383498,0.130509202695154,-1.2058737509894857,-0.5034258930487105,1.1830457642591674,2.2622597508874214,1.003668689966866,-0.7215593533202539,-0.9965377721036623,-1.0056108079724737
1.3988599349576996,1.6924711113230562,-1.6385950326123488,-1.0551670244194782,0.1285715012155047,1.228948644520858,-0.2480799317017949,-1.1620860620932276,-0.7960429242288508,0.7944389073179965,2.2405288230233293,1.417974137722603,-1.0650644857620606,-1.2723952760242994,-1.038247536515759
2.0218237592780093,2.6900710710242604,-2.0240966159742646,-1.2184794027510506,-0.3852547682268011,0.2383372424361255,-0.1217231004504361,-1.068464027055798,-0.3998364248219908,1.0156429600977377,2.147408449487417,1.2738246065688308,-1.2525515266438936,-1.4970502985342031,-0.811050106005839
1.6114386984596971,1.6502880054359577,-1.624342558318857,-0.8703451746083436,-0.4777229329023344,0.94038321828914,-1.2481842227364004,-1.5456354665377867,-0.1753913602972616,1.820613764248784,1.595153600592026,0.0261740354803813,-1.7296763808147329,-1.9787200954266613,-1.4874566690060982
1.1585212930928297,1.7657718949631351,-1.955183104749896,-0.0257797079963993,-1.2955657375465208,1.0313048179301452,-0.9904162869836132,-1.4097553445825457,-0.4549556320569144,1.317306574053677,2.115057362830968,0.6052995399568984,-1.4247623502220748,-1.6884267660943126,-1.1497274980416126
1.0014343948476934,-1.091852259477252,-1.2155344443374214,0.7656690711324972,-1.041976082127272,1.5287384698330324,-0.4055646680487261,-1.3404456370649722,-0.3979233879341241,1.550322933882307,2.5169260360411623,1.2419690304702986,-1.4395226114011914,-1.723485602929078,-0.7264049935252929
0.8019581852277591,-1.511651792870043,-0.5375097288776612,0.0766391102417574,0.4136101957128758,1.4269983757346345,-0.9820727247930509,-1.8397972043656152,-0.297869906547942,2.0149862013195,2.498425508490706,0.8849919897733655,-1.9225776282234024,-2.279387603659345,-1.448186632976718
2.478171100151584,0.2455988050714427,-1.5741168442636455,-0.4503768828598735,-1.197720821237143,1.2852373942143849,0.2259788085295184,-0.8567015485926005,0.2240064796178568,1.744354124542021,1.492051049961027,0.2262265995286839,-1.2524386286949645,-1.3699676414659494,-0.4771461976069879
0.9470460305263716,2.672327151700354,-1.870958826828409,-1.38488874483374,-0.4006953637226881,0.1186927021820295,0.887767698048561,0.2397705939152589,0.1689072518804566,0.5601634196979871,1.279821612303028,0.7492987331391154,0.1934060347699928,0.3993802446726079,0.5283647718940974
0.2713794878374733,2.227072127842384,-1.3428260688477205,-1.4539403759960756,-0.988890812846107,0.2399222022144634,0.6956250879869604,0.5929741409104038,0.812021150123847,0.758889428454611,0.703787231584264,0.679456817372466,0.9517436407162868,1.0279267284575553,0.5447994474292608
-0.4776323208567069,1.295384454883587,-0.9183992726058104,-1.281571901303786,0.3310480385303365,-0.7609170892689778,0.959811148501718,0.4949494200937252,0.4899731664284033,0.8199283169209217,0.7803577478072062,0.8900311483859661,1.1940405528153215,1.1960123857653966,0.760176300100705
0.3681435753820858,0.986363129133136,-1.1678577356414832,-1.778976178100941,0.1438996156208055,-0.488282920823603,1.1157715802176775,-0.3140933192758259,-0.3657076008409419,0.0467184418189717,0.4693645058948519,0.9091009054885528,0.3197009292405378,0.3605797881891212,0.1123986897946596
-0.6505551369344156,0.4491691306402354,0.0421962084387572,-1.731636570832103,1.035181946324138,-0.7536044183424989,0.6502168552959955,-0.4236048006823453,-0.3156032474843944,0.1841858065671218,1.43493921092245,2.013370181913096,-0.065180884886271,-0.1477560880803792,-0.1918110590276593
-0.1007549264887167,0.5809569050487279,-0.5410728474510341,-1.5260618243793806,0.1349117026330961,-0.5350401128917105,0.9419206257277066,0.5785901998038993,0.4395053399053723,0.529435609691622,0.6305342201871309,0.584089121422859,0.23985375071087,0.3247763413913556,0.825055050529959
-0.4581790940598079,0.0787041706876617,-1.1515181293337555,-1.2322503056871112,0.0026011806337206,-0.8745360943024804,0.6761300340224705,-0.2261347317706291,-0.5402588651753318,-0.4725384448296172,-0.2688269305325581,0.1366634621160419,0.76437845463173,0.8225290272081527,-0.1319684803085318
-0.6960418316869352,-0.5332130580940779,-0.9176696465969852,-1.5924996200822594,-0.3054261607185324,-1.50255649533158,0.6634542376175713,-0.9609822443949546,-1.0510994606177426,-1.4059235340411331,-1.0956869936710123,-0.0377716061314359,0.8867456669528074,0.2209362533769002,-0.8642690136318725
-0.7612728257449479,-0.3041658661260645,-0.8066781348765061,-1.316756515552243,0.5120088610963255,-0.4496229721069331,1.2129259438020696,0.4444912567337395,0.1352379563424462,0.0703729819763537,0.5319413291107161,0.854729145203668,0.8778038161195265,1.1826542162475473,0.6147130204736214
-0.7115230272485862,-0.2666394668825207,0.1442340710821302,-0.9301216254413056,0.2620808539351952,-0.0900207550614392,0.976177366644743,0.2490881105989168,0.0629290810363705,0.4508743433410218,0.7190093336305893,0.5820661774596994,1.4426826629222629,1.433135840542701,0.6790999294041097
-0.0031841318441127,1.2678222172988998,-0.7703668573767527,-2.1440886974597984,-0.7970166290938262,-1.5092449277620748,0.3926093726622654,-0.5293532382373535,-1.6101156194634794,-1.5654254118096191,-1.0939404304931324,-0.2574754232100388,0.5815850105824149,0.5536164392530736,0.423521972411539
-0.2624131649671455,0.1206886697951925,-0.7893953698105818,-1.6478188174791373,0.606956378548325,-0.4114793594316769,1.394398421446884,0.7749165738434175,-0.3258834674024021,-0.4029661628002337,-0.073065424862566,0.3973064835493464,0.8094759777590281,0.6519255426629942,1.564442379994016
-0.7712000431695945,-0.4445197078745737,-0.7833120292892943,-1.8234212311961409,0.3020662747659584,-0.7054033660526244,0.8535911836910465,-0.3890623383221632,-1.1757947705407563,-1.1880723165810056,-0.6281930747364805,0.0208937688001922,1.0506955684708628,0.6014026767972376,0.0174285676693764
-0.2918229309893113,0.4442824297696597,-1.3019656735901908,-1.737680466831052,-0.3981826294612738,-2.279970504281194,1.097159018407962,-1.3470296151083343,-1.779711392080404,-1.9893758384577989,-1.8623272346094972,-1.2281873768226164,2.230337908196795,1.3593772683877825,-1.1819758799469615
-1.755786058710782,-0.7767942617211224,0.1075773926460889,-0.9009515143818664,0.0001046187687408,-1.398034161138064,0.1515285612906156,-1.0506405494995248,-1.2105216346736354,-1.4992836835232963,-0.9903691634196002,0.4133297693038142,1.3258974418104257,0.1448584704670693,-0.9406063989784882
-1.2041686117924917,-0.0391524475180366,-0.3586643370997585,-0.9226081193596553,1.3914496801949132,-1.0558143076412725,0.965587460787492,-0.1727123127072926,-0.1548032565415985,-0.1112974060942749,0.2055644886781148,0.9434597506417544,1.4332663074254004,1.1011867409462746,0.0084717331029061
-1.338196416930299,-0.0656023247882755,-0.3904030684836554,-1.71289025810715,0.631536555083099,-0.18641896527443,0.8393910826551747,0.5054447986347568,-0.2906350231178297,-0.2371230869990366,0.2230701414489892,0.6394465882193556,1.8400297020634215,1.4036836805694843,0.689555801265799
-0.4908550226047282,-0.2057629713860865,-1.4090279149695657,-1.7450981888489427,0.085336465393476,-0.575310239786092,0.7062952204037469,0.12056162298468,-0.7064245038664824,-1.006461557300781,-0.7928389653172846,-0.5129807153795819,-0.1003590109176957,0.6049026867615698,0.5582834594275508
-0.2428476571288441,-0.9141765780565264,-2.39529351327325,-1.3244650178363622,0.4966873815203309,0.351362024093049,0.8911372135485892,0.4988868953958708,-0.1415860504876495,0.0479413903442632,0.426131005239123,0.8286762365984335,0.7364526678768233,1.2994629109637528,0.7083363603130998
0.1343844595100649,-0.4799204192975604,-2.1539787475067214,-0.7856915879342159,-0.0265798353482677,-0.3462567899178479,0.7174467121776745,0.2848907952333699,-0.3290117956492408,-0.159361784420824,0.5632542241490971,0.8813191102104333,0.991744092237864,1.2417571526763855,0.9814116942609724
0.1328518590532523,-0.069045744238937,-1.6614985954728652,-1.1355097699131094,-0.8734208353262867,-1.7985405269830967,0.3711888812691697,1.0212680896623787,-0.740449588148852,-1.0656800926937442,-0.7687074841812104,-0.2534129886516302,-0.2403224725630421,0.0930768928286727,1.4667077694446369
-0.7155243802844545,-1.0286135879785958,-1.4710133260183924,-0.942980321543571,-0.0897624854802355,-2.181557956608628,0.5858751545572045,0.175551767188869,-0.5940970792421199,-0.3647505846864959,0.4177689720704643,0.7851278647436903,-0.1228738197771465,0.3176802427577879,0.8984153686228791
-1.0619671759403044,-1.394945686962334,-1.460133196525324,-0.4670089118939762,0.4984599176372408,-1.389907852512772,0.3233738517924737,0.2586768052491273,0.2128321771856766,0.5115072200434573,0.7974170488075915,0.6549654380755549,0.8831829242987719,1.1080430465096216,0.3356064608743497
-0.853761651725949,-0.3019855208539116,-0.7928861951647316,-1.275451314619236,0.5026670214327984,-0.6215599293764084,0.2038362781007056,0.293828518902864,-0.4175094430447668,-0.2967576839520103,-0.0912829804572586,0.3090254737431752,0.8476504820106524,0.8555122814325821,0.4983905787369589
-1.2189324959877497,-0.0374456197721013,-0.8950371833085567,-0.8744152076443292,0.6855915461350897,-0.5381440181826062,0.0748319703850231,0.4882904545092142,-0.3006493620303335,-0.2993049722791606,0.3553489369765124,1.1323698126410482,0.4773381273632937,0.4133617146962161,0.4245256991065121
-0.8046662299995254,0.5407907132418763,-0.7817965492122482,-0.3827964128863957,-0.3832943835051514,-0.5821873115429751,-0.1477165057364181,0.1553558420777359,-0.6363687011272776,-0.5508647692794493,0.0027724717877167,0.100754433916521,0.4842328176023358,0.4655203406975522,0.6044672219793517
-0.2015818713339147,0.2017905870343615,-0.5138122793690104,-1.0135699200803516,-0.1697088612086942,-1.605787989421562,-0.3001469688333081,-0.6814563842327421,-1.5469542802542764,-1.7316045974593484,-1.516109634226969,-0.9902068590794264,0.1791388168475472,0.5410523319728069,0.0604596878870051
-0.3468656720805725,0.1472505677830625,-0.9874178767507164,-1.608203192599028,0.3534094866773402,-1.244192616472275,0.3480034055665403,-0.1965677017569836,-1.153978696129616,-1.300647676274286,-0.9959115999874418,-0.5442212295253049,0.4312861791400653,0.4849359092367171,0.3250588505512921
-1.361840515718297,-0.4662338687197387,-0.9872411599926156,-1.2217736220189257,1.4696726590110132,-1.040435738266532,0.5366962735685784,0.9461438805728484,-0.2126196959421828,-0.2923764194945289,-0.1600767116663081,-0.00042396646197,0.4780525922430494,0.5103882885032898,1.145290120912763
-0.7156287945012976,0.2185016969882239,-1.301532583656512,-1.30419055706445,1.2060843676614994,-1.274217994209421,0.4813399474965598,0.0126644417145947,-0.5281516738972508,-0.1696416092234476,0.8363216906258966,1.405836001182729,0.32176267075069,0.1597417885022482,0.096058836366625
-0.6304532546945246,-0.4726228377649233,-0.8487889350739306,-0.6688325535915957,1.1659689456440123,-0.8465475653644642,0.3992681771028127,-0.2861395104411879,-0.5993670559350258,-0.0037038420097736,1.2672583166363998,1.8418832507430336,-0.0695545347638898,-0.3268040026640501,0.0582321392809186
-1.072993603305278,-0.4986679251956062,-0.2791009636731797,-1.4365978795148318,0.9243999940553868,-1.040696755823891,0.7381451645350373,-0.2388394554688657,-0.5095569092406542,-0.0507199149349863,1.026362077769291,1.151628674110371,-0.2812427715799554,-0.3018439258370968,-0.3425706929758939
-1.1231674951618351,-0.7567106246548095,-0.3367768955983217,-0.9845423891318796,-0.578906153210348,-1.1886070849322812,0.4599996826629858,0.4292078247859245,-0.6283984184998613,-0.9037454942740528,-0.7862559829553697,-0.3500899959604269,0.8416094002489395,0.4988225116315343,0.6862913767728164
-0.7900897192618873,0.0420295618284242,0.3114335607485278,0.1338040718262552,-1.4469823390605954,-1.433638931640594,-0.9789438889715868,0.5468720883340852,-0.1604447750442187,-0.059056332493803,-0.5695328941396184,-1.071715332371402,-0.4612318889015297,-0.1652462474471235,0.2463198833409934
-0.5085074617440205,0.9339874908488208,0.9235951372061372,-0.0722118839483992,-0.652913216348218,-1.1334839382064157,-1.3371554772492584,-0.1061582624572607,-0.0932533406518799,1.0789325562407988,1.029407439848958,-0.3785561126656728,-1.4105928244362491,-1.308499271543916,-0.1707771258410295
0.1834319651232783,0.7267453750910075,0.6621627750458179,-1.2595716024846404,-0.1671880407490625,-1.4002571796651502,-0.3669756929173666,0.7676282164267222,0.4027895552161479,0.558563492153212,-0.058858914344664,-0.946480256359034,-1.3814234938527297,-1.3646435490305868,0.4389471394159289
0.5780848071599937,-0.8791471043740949,0.8981218181549055,0.5228795427493754,-0.049165416322781,-1.4045603599484826,-0.966669225364307,-0.3760628794202266,0.5638431320890486,-0.3399704673619355,-1.185022323026584,-1.9660189574628768,-1.697210721740795,-0.8203699983608825,-0.1470392207783488
1.7589380830678627,-0.1942497309628863,-0.8368431499789817,-0.5075127861867484,-0.8155097644167348,-0.2046895293976832,-0.2909209144879715,-0.9708449942315216,0.7158287066340641,0.2389044899082043,-0.5956682498908852,-1.5377594984856813,-1.4784309523208563,-0.5337274579688384,-0.6445787187253684
-0.0130720151459732,0.2257462445579245,0.7201352430461062,0.306105497022188,-0.539069705031357,-2.22711197931754,-1.351195125166073,-1.5204428895840605,0.2434968636730509,1.9887624866122728,0.6729098591067508,-0.9519352081979962,-0.6192427750692654,-0.0306623867857633,-1.711197525346598
0.5910557705222003,0.0347655323947877,-0.4248360610469273,0.325822011440797,-2.8310254079927564,-0.7897580096042797,0.4395419099842009,-0.3533849925754341,-0.6503362910016732,-0.7816192549911779,-1.258741932107847,-1.2695861047884869,0.9937329291684494,0.7924349968954565,-0.1050029617741323
1.0429726588386334,0.0169374622419366,-0.1053790191168806,-0.0274087778747072,-1.6349627332809362,0.4066291199121379,0.3178382191852639,-0.4865094572631346,-1.1429158178182393,-1.2893655518037463,-1.1088421291852195,-0.5660481282949041,1.4305767533357778,1.243898738934838,-0.1075799259904311
-0.6400414834973657,-0.6693425823458292,0.38363038901261,-0.2319319178020123,0.2669960184208036,-1.122556155113602,0.3793719903406896,0.2100111498272028,-0.6713151476223614,-0.7570827893907036,-0.503240945770753,-0.270892850790883,0.0624996131936426,0.5046792757102578,1.0016377122584073
0.4766149281987566,-0.1509778053469281,-0.0542489704397216,-0.9215310868588178,-0.3098341754390267,-0.4989406628263251,-0.1950501758559877,-0.0570696557241082,-0.6901892410231795,-0.4149977787336802,-0.3963418154969906,-0.5243265046228319,0.6509214317265217,1.0122905247726095,0.2670003536323503
-0.3530275412060506,0.3318396050865793,-0.421868692150485,-2.513900316271752,0.2460861465230087,-0.6558233279921023,0.7556345545114145,-0.2795337734230559,-1.1282435664350368,-1.0950288473415126,-0.6811516764675835,-0.2882909252915224,0.8885770299915282,1.1494109843510267,0.3430896982231234
0.3635393375188291,0.4895095768967354,-0.9988669806543368,-0.3812981746847531,-1.982245456901824,-0.9309913044287842,-0.540987100526379,-2.055889538981766,-2.716242846178742,-3.0201325091111726,-2.715076171271527,-2.238640085865705,0.4071643450481612,1.2181286540348248,-1.6443255833890396
-0.8576786151892991,-0.2134036501891494,0.0565792121558461,-0.1999920264591635,-1.0175919440646626,-2.311864038247649,-0.5911287002293002,-1.0975593728477806,-1.357298515792187,-1.2026166048771352,-1.1872248900965718,-1.1370331625443484,0.9792790755223124,1.463493481755825,-0.6704900158654702
-0.9755064830673196,-1.492554695746926,-0.4456732427246502,-0.6639877495479398,-0.1206623369294344,-1.9464140020841156,0.2565451277084152,-0.2082121699573461,-1.447069087712618,-1.6194086734023845,-1.2239535670337425,-0.9102840259025328,-0.3545620740552015,0.1918324796319672,0.3735094781926231
-1.3371336804492802,-0.6139285850318525,-0.3713357319135757,-0.2398883190016408,-0.2266898119848435,-1.460026210949076,0.2626423462322869,-0.5318524632898385,-1.250327901830736,-1.6513321858200738,-1.4252963531756528,-1.0433099654439697,-0.3284018279186069,-0.1972852659960542,0.5837836680422345
-1.0586201996743785,-0.4782298264382383,-0.6674728555909142,-0.3613646270596886,0.5730372650878445,-1.2261647378872509,-0.0557768685211518,0.0564809028088951,-0.1998700869745028,-0.1825897665644538,-0.1426609884188128,-0.0007161327085773,0.5435392349884258,0.2475625690882569,-0.1112475371665715
-0.8763394382035824,-1.0025446893808805,0.0287182087252754,-0.5604114672202624,0.9618629357191918,-1.8513253439320092,0.4668189402225903,0.1036687462088506,0.0488412299557281,0.5112244857788446,0.5285960450080518,0.1274233499963985,0.2075391082660352,0.3680408244245062,0.4707160144055536
-1.0045951396144024,-0.6737833649974289,-0.3687934203708973,0.4648417211583899,-0.7493399897279392,-1.0649259860409617,0.624143223450479,0.3675666273516864,-0.148977311907993,-0.1671809724718659,-0.0376308384751739,0.1625929801219812,0.3116435151068028,0.0663173587449712,0.7162154606863501
-0.4381766198756771,-0.5088315053783617,-0.8060663200397481,1.0392610477694135,-1.7400576260592548,-0.8700184388937782,0.0169886209677369,-0.4763580863149513,-0.760548578436298,-0.4936412300837887,-0.3941707943854656,-0.5186845758412599,-0.0695249563344651,0.058837752675865,-0.0986757061297458
-0.6845419645168228,-1.1436669824290804,-1.2206465120708152,-0.5888957894963309,-0.997389821849295,-2.5436803038694973,-0.4160743473464574,-1.10550049950757,-2.041624930441441,-2.171065209476684,-1.9466027334781888,-1.7670246687269204,-0.1747935451615172,0.8607941880500357,-0.641417210909635
0.1917243133718743,-0.4301696915971579,-1.079358786442604,-0.8709522002197365,0.0282535041167395,-2.2704720487732204,1.4586598956261403,0.0443246491358478,-0.426813741352977,-0.3904713629293411,-0.6469099510617674,-0.4438235938009751,0.3495697271903021,0.4796156518757097,0.3233774927004962
-0.3064237573664856,-0.2842137316413186,-0.7028797984687188,-1.0152262407648511,0.1114731314158681,-1.9943356098129457,1.3486692825178213,0.1873152803586332,-0.0313499413444394,0.111487814610788,-0.0302537925468775,-0.1541114491129951,0.4224159830935587,0.5686777854767497,0.505693422808756
-0.1936857249766259,-0.756495241825741,-0.1619036145877296,-0.7649332863176755,-0.1836034378069631,-2.4918077185875704,1.0772628316458388,-0.1060690686433283,-0.6525524783423471,-0.5381997928606618,-0.4244963480074795,-0.3628223929727691,0.4629230172937266,0.3785965638186654,0.1577178751664204
0.1420953779073362,-0.4770392680866031,-0.0473282334624339,-0.3924198404443849,-0.7769572593777561,-2.209236645927974,0.1419816007071803,-1.3549171535492697,-1.8060839445902004,-1.725750479546006,-1.3705695298474272,-1.2245773744616235,1.096393825333792,1.157525194302939,-0.6778732274548942
1.0115253852562909,0.5355950083627626,0.9477551294414835,0.3534430671064351,-0.9716714610808348,-2.1384864502312797,-0.2208029014634055,-1.468654911195788,-1.808234430121711,-1.3676608335499598,0.1799209202942282,1.5492929375933298,0.2897392300265253,-0.6416240454211937,-1.390253987350368
0.2709997347611469,0.151341759209591,-0.3935330971233483,-0.3953119017688435,-0.0522555880722751,-0.3196191313221758,0.920179228096528,-0.5376770351311108,-0.1627285852995872,0.1827238962226079,0.5401672909063038,0.4129250859589989,0.639163797731568,0.2629367766409247,-0.0401627569168819
0.5432161800613696,-0.265269783615253,-0.806278514025801,-0.9752015496534042,-0.951608255604072,-1.498407569965697,1.01412452929992,-0.2185435469695341,-0.3880104833936623,-0.0528732512536241,-0.4598833800395768,-0.7297534147737749,0.5849723656478922,0.8815294258594891,0.1512418336141001
1.154022184612285,0.0524675115949429,-2.315494517502537,0.5038455497980885,-1.2528268107189635,-0.8586280810177257,0.6284754576648022,-0.6187556506055812,-0.8015198039874559,-0.1616182986464531,-0.1901470726094136,-0.6246922289852745,0.7539539329488569,0.9701135880882374,-0.0304812655967445
1.1793254682158705,-2.1097141694160704,0.7086379436630039,0.6139894154526951,1.1359529778614863,-1.1430500227176064,1.4763097387215738,0.0693841546736264,1.5994269794813143,0.6941785678091839,-0.4938948670321338,-0.7005644466266803,-0.6177586461280818,-0.5155782713510237,-0.1189315969454837
0.0692886318012491,-0.4630334314053883,-0.0141516702739909,0.7353970403563618,-0.0362391101264268,-0.9838828840176064,0.7542707029994992,-0.4951376999774317,-0.0863857725993135,0.5260660247117831,0.3375075787073692,0.6949061713738898,0.5007384144162842,-0.1411306943624298,-0.4557622706265657
